0,54.36.149.41,22/Jan/2019:03:56:14,GET,"/filter/27|13%20%D9%85%DA%AF%D8%A7%D9%BE%DB%8C%DA%A9%D8%B3%D9%84,27|%DA%A9%D9%85%D8%AA%D8%B1%20%D8%A7%D8%B2%205%20%D9%85%DA%AF%D8%A7%D9%BE%DB%8C%DA%A9%D8%B3%D9%84,p53",200,30577,Mozilla/5.0 (compatible; AhrefsBot/6.1; +http://ahrefs.com/robot/),No
1,31.56.96.51,22/Jan/2019:03:56:16,GET,/image/60844/productModel/200x200,200,5667,"Mozilla/5.0 (Linux; Android 6.0; ALE-L21 Build/HuaweiALE-L21) AppleWebKit/537.36 (KHTML, like Gecko) Chrome/66.0.3359.158 Mobile Safari/537.36",Yes
2,31.56.96.51,22/Jan/2019:03:56:16,GET,/image/61474/productModel/200x200,200,5379,"Mozilla/5.0 (Linux; Android 6.0; ALE-L21 Build/HuaweiALE-L21) AppleWebKit/537.36 (KHTML, like Gecko) Chrome/66.0.3359.158 Mobile Safari/537.36",Yes
3,40.77.167.129,22/Jan/2019:03:56:17,GET,/image/14925/productModel/100x100,200,1696,Mozilla/5.0 (compatible; bingbot/2.0; +http://www.bing.com/bingbot.htm),No
4,91.99.72.15,22/Jan/2019:03:56:17,GET,/product/31893/62100/%D8%B3%D8%B4%D9%88%D8%A7%D8%B1-%D8%AE%D8%A7%D9%86%DA%AF%DB%8C-%D9%BE%D8%B1%D9%86%D8%B3%D9%84%DB%8C-%D9%85%D8%AF%D9%84-PR257AT,200,41483,Mozilla/5.0 (Windows NT 6.2; Win64; x64; rv:16.0)Gecko/16.0 Firefox/16.0,No
5,40.77.167.129,22/Jan/2019:03:56:17,GET,/image/23488/productModel/150x150,200,2654,Mozilla/5.0 (compatible; bingbot/2.0; +http://www.bing.com/bingbot.htm),No
6,40.77.167.129,22/Jan/2019:03:56:18,GET,/image/45437/productModel/150x150,200,3688,Mozilla/5.0 (compatible; bingbot/2.0; +http://www.bing.com/bingbot.htm),No
7,40.77.167.129,22/Jan/2019:03:56:18,GET,/image/576/article/100x100,200,14776,Mozilla/5.0 (compatible; bingbot/2.0; +http://www.bing.com/bingbot.htm),No
8,66.249.66.194,22/Jan/2019:03:56:18,GET,"/filter/b41,b665,c150%7C%D8%A8%D8%AE%D8%A7%D8%B1%D9%BE%D8%B2,p56",200,34277,Mozilla/5.0 (compatible; Googlebot/2.1; +http://www.google.com/bot.html),No
9,40.77.167.129,22/Jan/2019:03:56:18,GET,/image/57710/productModel/100x100,200,1695,Mozilla/5.0 (compatible; bingbot/2.0; +http://www.bing.com/bingbot.htm),No
10,207.46.13.136,22/Jan/2019:03:56:18,GET,/product/10214,200,39677,Mozilla/5.0 (compatible; bingbot/2.0; +http://www.bing.com/bingbot.htm),No
11,40.77.167.129,22/Jan/2019:03:56:19,GET,/image/578/article/100x100,200,9831,Mozilla/5.0 (compatible; bingbot/2.0; +http://www.bing.com/bingbot.htm),No
12,178.253.33.51,22/Jan/2019:03:56:19,GET,/m/product/32574/62991/%D9%85%D8%A7%D8%B4%DB%8C%D9%86-%D8%A7%D8%B5%D9%84%D8%A7%D8%AD-%D8%B5%D9%88%D8%B1%D8%AA-%D9%BE%D8%B1%D9%86%D8%B3%D9%84%DB%8C-%D9%85%D8%AF%D9%84-PR465AT,200,20406,"Mozilla/5.0 (Linux; Android 5.1; HTC Desire 728 dual sim) AppleWebKit/537.36 (KHTML, like Gecko) Chrome/71.0.3578.83 Mobile Safari/537.36",Yes
13,40.77.167.129,22/Jan/2019:03:56:19,GET,/image/6229/productModel/100x100,200,1796,Mozilla/5.0 (compatible; bingbot/2.0; +http://www.bing.com/bingbot.htm),No
14,91.99.72.15,22/Jan/2019:03:56:19,GET,/product/10075/13903/%D9%85%D8%A7%DB%8C%DA%A9%D8%B1%D9%88%D9%81%D8%B1-%D8%B1%D9%88%D9%85%DB%8C%D8%B2%DB%8C-%D8%B3%D8%A7%D9%85%D8%B3%D9%88%D9%86%DA%AF-%D9%85%D8%AF%D9%84-CE288,200,41725,"Mozilla/5.0 (X11; Linux x86_64) AppleWebKit/537.36 (KHTML, like Gecko) Chrome/53.0.2785.92 Safari/537.36",No
15,40.77.167.129,22/Jan/2019:03:56:19,GET,/image/6229/productModel/150x150,200,2739,Mozilla/5.0 (compatible; bingbot/2.0; +http://www.bing.com/bingbot.htm),No
16,207.46.13.136,22/Jan/2019:03:56:19,GET,/product/14926,404,33617,Mozilla/5.0 (compatible; bingbot/2.0; +http://www.bing.com/bingbot.htm),No
17,40.77.167.129,22/Jan/2019:03:56:19,GET,/image/6248/productModel/150x150,200,2788,Mozilla/5.0 (compatible; bingbot/2.0; +http://www.bing.com/bingbot.htm),No
18,40.77.167.129,22/Jan/2019:03:56:20,GET,/image/64815/productModel/150x150,200,3481,Mozilla/5.0 (compatible; bingbot/2.0; +http://www.bing.com/bingbot.htm),No
19,66.249.66.194,22/Jan/2019:03:56:20,GET,"/m/filter/b2,p6",200,19451,"Mozilla/5.0 (Linux; Android 6.0.1; Nexus 5X Build/MMB29P) AppleWebKit/537.36 (KHTML, like Gecko) Chrome/41.0.2272.96 Mobile Safari/537.36 (compatible; Googlebot/2.1; +http://www.google.com/bot.html)",No
20,91.99.72.15,22/Jan/2019:03:56:20,GET,/product/32798/63266/%DB%8C%D8%AE%DA%86%D8%A7%D9%84-%D9%81%D8%B1%DB%8C%D8%B2%D8%B1-%D8%B3%DB%8C%D9%86%D8%AC%D8%B1-%D9%85%D8%AF%D9%84-pearl-SR7,200,40250,"Mozilla/5.0 (X11; Linux x86_64) AppleWebKit/537.36 (KHTML, like Gecko) Chrome/53.0.2785.92 Safari/537.36",No
21,178.253.33.51,22/Jan/2019:03:56:20,GET,/settings/logo,200,4120,"Mozilla/5.0 (Linux; Android 5.1; HTC Desire 728 dual sim) AppleWebKit/537.36 (KHTML, like Gecko) Chrome/71.0.3578.83 Mobile Safari/537.36",Yes
22,66.249.66.91,22/Jan/2019:03:56:20,GET,/filter/b874%2Cb32%2Cb63%2Cb99%2Cb126%2Cb820%2Cb249%2Cb3%2Cb148%2Cb724%2Cb613%2Cb183%2Cb213%2Cb484%2Cb224%2Cb734%2Cb20%2Cb95%2Cb542%2Cb212%2Cb485%2Cb523%2Cb221%2Cb118%2Cb186%2Cb67?page=4,200,39660,Mozilla/5.0 (compatible; Googlebot/2.1; +http://www.google.com/bot.html),No
23,31.56.96.51,22/Jan/2019:03:56:20,GET,/image/60819/productModel/200x200,200,7171,"Mozilla/5.0 (Linux; Android 6.0; ALE-L21 Build/HuaweiALE-L21) AppleWebKit/537.36 (KHTML, like Gecko) Chrome/66.0.3359.158 Mobile Safari/537.36",Yes
24,31.56.96.51,22/Jan/2019:03:56:20,GET,/image/60847/productModel/200x200,200,5667,"Mozilla/5.0 (Linux; Android 6.0; ALE-L21 Build/HuaweiALE-L21) AppleWebKit/537.36 (KHTML, like Gecko) Chrome/66.0.3359.158 Mobile Safari/537.36",Yes
25,178.253.33.51,22/Jan/2019:03:56:21,GET,/image/32574?name=pr465at.jpg&wh=max,200,28825,"Mozilla/5.0 (Linux; Android 5.1; HTC Desire 728 dual sim) AppleWebKit/537.36 (KHTML, like Gecko) Chrome/71.0.3578.83 Mobile Safari/537.36",Yes
26,5.78.198.52,22/Jan/2019:03:56:21,GET,/m/product/33978/64784/%DA%AF%D9%88%D8%B4%DB%8C-%D9%85%D9%88%D8%A8%D8%A7%DB%8C%D9%84-%D8%B3%D8%A7%D9%85%D8%B3%D9%88%D9%86%DA%AF-%D9%85%D8%AF%D9%84-Galaxy-A9-%282018%29-Dual-128GB-%28SM-A920%29,200,21931,"Mozilla/5.0 (Linux; Android 8.0.0; SAMSUNG SM-G950F Build/R16NW) AppleWebKit/537.36 (KHTML, like Gecko) SamsungBrowser/8.2 Chrome/63.0.3239.111 Mobile Safari/537.36",Yes
27,178.253.33.51,22/Jan/2019:03:56:21,GET,/image/32574?name=pr465at3.jpg&wh=max,200,24001,"Mozilla/5.0 (Linux; Android 5.1; HTC Desire 728 dual sim) AppleWebKit/537.36 (KHTML, like Gecko) Chrome/71.0.3578.83 Mobile Safari/537.36",Yes
28,207.46.13.136,22/Jan/2019:03:56:21,GET,/product/30649?model=60398,200,41198,Mozilla/5.0 (compatible; bingbot/2.0; +http://www.bing.com/bingbot.htm),No
29,91.99.72.15,22/Jan/2019:03:56:21,GET,/product/7793/9663/%D9%85%D8%A7%DB%8C%DA%A9%D8%B1%D9%88%D9%81%D8%B1-%D8%B1%D9%88%D9%85%DB%8C%D8%B2%DB%8C-%D8%B3%D8%A7%D9%85%D8%B3%D9%88%D9%86%DA%AF-%D9%85%D8%AF%D9%84-ME201,200,40889,"Mozilla/5.0 (X11; Linux x86_64) AppleWebKit/537.36 (KHTML, like Gecko) Chrome/53.0.2785.92 Safari/537.36",No
30,5.78.198.52,22/Jan/2019:03:56:22,GET,/settings/logo,200,4120,"Mozilla/5.0 (Linux; Android 8.0.0; SAMSUNG SM-G950F Build/R16NW) AppleWebKit/537.36 (KHTML, like Gecko) SamsungBrowser/8.2 Chrome/63.0.3239.111 Mobile Safari/537.36",Yes
31,66.249.66.194,22/Jan/2019:03:56:22,GET,/m/browse/gas-heater/%D8%A8%D8%AE%D8%A7%D8%B1%DB%8C-%DA%AF%D8%A7%D8%B2%DB%8C,200,19162,"Mozilla/5.0 (Linux; Android 6.0.1; Nexus 5X Build/MMB29P) AppleWebKit/537.36 (KHTML, like Gecko) Chrome/41.0.2272.96 Mobile Safari/537.36 (compatible; Googlebot/2.1; +http://www.google.com/bot.html)",No
32,66.249.66.194,22/Jan/2019:03:56:22,GET,/m/article/608/%D8%B9%D9%84%D8%AA-%D8%B5%D8%AF%D8%A7-%D8%AF%D8%A7%D8%AF%D9%86-%DA%AF%D8%B1%D8%AF%D9%86-%D9%88-%D8%AF%D8%B1%D9%85%D8%A7%D9%86-%D8%A2%D9%86,200,20785,"Mozilla/5.0 (Linux; Android 6.0.1; Nexus 5X Build/MMB29P) AppleWebKit/537.36 (KHTML, like Gecko) Chrome/41.0.2272.96 Mobile Safari/537.36 (compatible; Googlebot/2.1; +http://www.google.com/bot.html)",No
33,34.247.132.53,22/Jan/2019:03:56:22,GET,/,200,29619,"Mozilla/5.0 (Windows NT 10.0; Win64; x64) AppleWebKit/537.36 (KHTML, like Gecko) Chrome/63.0.3239.84 Safari/537.36",No
34,54.36.149.70,22/Jan/2019:03:56:22,GET,"/filter/b215,b400,p5686,v1|%D8%B3%D9%81%DB%8C%D8%AF%20%D8%A8%D9%86%D9%81%D8%B4.",200,30673,Mozilla/5.0 (compatible; AhrefsBot/6.1; +http://ahrefs.com/robot/),No
35,2.177.12.140,22/Jan/2019:03:56:22,GET,/image/61821/productModel/150x150,200,6012,Mozilla/5.0 (Android 7.1.1; Mobile; rv:64.0) Gecko/64.0 Firefox/64.0,Yes
36,2.177.12.140,22/Jan/2019:03:56:22,GET,/image/64500/productModel/150x150,200,4890,Mozilla/5.0 (Android 7.1.1; Mobile; rv:64.0) Gecko/64.0 Firefox/64.0,Yes
37,2.177.12.140,22/Jan/2019:03:56:22,GET,/image/64643/productModel/150x150,200,5303,Mozilla/5.0 (Android 7.1.1; Mobile; rv:64.0) Gecko/64.0 Firefox/64.0,Yes
38,178.253.33.51,22/Jan/2019:03:56:23,GET,/image/32574?name=pr465at1.jpg&wh=max,200,47078,"Mozilla/5.0 (Linux; Android 5.1; HTC Desire 728 dual sim) AppleWebKit/537.36 (KHTML, like Gecko) Chrome/71.0.3578.83 Mobile Safari/537.36",Yes
39,66.249.66.194,22/Jan/2019:03:56:23,GET,/product/81900,404,32278,Mozilla/5.0 (compatible; Googlebot/2.1; +http://www.google.com/bot.html),No
40,2.177.12.140,22/Jan/2019:03:56:23,GET,/image/32703/productType/120x90,200,13303,Mozilla/5.0 (Android 7.1.1; Mobile; rv:64.0) Gecko/64.0 Firefox/64.0,Yes
41,2.177.12.140,22/Jan/2019:03:56:23,GET,/image/66/productType/120x90,200,10840,Mozilla/5.0 (Android 7.1.1; Mobile; rv:64.0) Gecko/64.0 Firefox/64.0,Yes
42,178.253.33.51,22/Jan/2019:03:56:24,GET,/image/32574?name=pr465at2.jpg&wh=max,200,46807,"Mozilla/5.0 (Linux; Android 5.1; HTC Desire 728 dual sim) AppleWebKit/537.36 (KHTML, like Gecko) Chrome/71.0.3578.83 Mobile Safari/537.36",Yes
43,2.177.12.140,22/Jan/2019:03:56:24,GET,/static/images/amp/blog.png,200,3863,Mozilla/5.0 (Android 7.1.1; Mobile; rv:64.0) Gecko/64.0 Firefox/64.0,Yes
44,2.177.12.140,22/Jan/2019:03:56:24,GET,/static/images/amp/instagram.png,200,7146,Mozilla/5.0 (Android 7.1.1; Mobile; rv:64.0) Gecko/64.0 Firefox/64.0,Yes
45,2.177.12.140,22/Jan/2019:03:56:24,GET,/static/images/amp/telegram.png,200,4859,Mozilla/5.0 (Android 7.1.1; Mobile; rv:64.0) Gecko/64.0 Firefox/64.0,Yes
46,66.249.66.91,22/Jan/2019:03:56:24,GET,/image/63014/productModel/100x100,200,2573,Googlebot-Image/1.0,No
47,2.177.12.140,22/Jan/2019:03:56:25,GET,/static/images/amp/third-party/footer-mobile.png,200,62894,Mozilla/5.0 (Android 7.1.1; Mobile; rv:64.0) Gecko/64.0 Firefox/64.0,Yes
48,2.177.12.140,22/Jan/2019:03:56:25,GET,/image/33618/productType/120x90,200,10695,Mozilla/5.0 (Android 7.1.1; Mobile; rv:64.0) Gecko/64.0 Firefox/64.0,Yes
49,2.177.12.140,22/Jan/2019:03:56:25,GET,/image/64272/productModel/150x150,200,3768,Mozilla/5.0 (Android 7.1.1; Mobile; rv:64.0) Gecko/64.0 Firefox/64.0,Yes
50,2.177.12.140,22/Jan/2019:03:56:26,GET,/image/64648/productModel/150x150,200,6035,Mozilla/5.0 (Android 7.1.1; Mobile; rv:64.0) Gecko/64.0 Firefox/64.0,Yes
51,5.78.198.52,22/Jan/2019:03:56:26,POST,/m/updateVariation?__amp_source_origin=https%3A%2F%2Fwww.zanbil.ir,200,171,"Mozilla/5.0 (Linux; Android 8.0.0; SAMSUNG SM-G950F Build/R16NW) AppleWebKit/537.36 (KHTML, like Gecko) SamsungBrowser/8.2 Chrome/63.0.3239.111 Mobile Safari/537.36",Yes
52,2.177.12.140,22/Jan/2019:03:56:26,GET,/image/33419/productType/120x90,200,5341,Mozilla/5.0 (Android 7.1.1; Mobile; rv:64.0) Gecko/64.0 Firefox/64.0,Yes
53,66.249.66.91,22/Jan/2019:03:56:27,GET,/filter/b656%2Cb703%2Cb67%2Cb226%2Cb41%2Cb598%2Cb168%2Cb723%2Cb597%2Cb88%2Cb548%2Cb6%2Cb679%2Cb215%2Cb105%2Cb194%2Cb74%2Cb542%2Cb35%2Cb113%2Cb820%2Cb574%2Cb442%2Cb880%2Cb645%2Cb724%2Cb118%2Cb482%2Cb400%2Cb95%2Cb135%2Cb249%2Cb435%2Cb221%2Cb523%2Cb854%2Cb126%2Cstexists%2Cb216%2Cb217%2Cb152%2Cb99%2Cb188%2Cb209%2Cb192%2Cb213%2Cb136%2Cb218%2Cb4%2Cb648%2Cb454%2Cb258%2Cb270%2Cb180?page=40,200,41228,Mozilla/5.0 (compatible; Googlebot/2.1; +http://www.google.com/bot.html),No
54,66.249.66.91,22/Jan/2019:03:56:27,GET,/image/26027?name=deuter-0760-5234921-1-zoom.jpg&wh=200x200,200,6642,Googlebot-Image/1.0,No
55,5.78.198.52,22/Jan/2019:03:56:27,POST,/m/updateVariation?__amp_source_origin=https%3A%2F%2Fwww.zanbil.ir,200,171,"Mozilla/5.0 (Linux; Android 8.0.0; SAMSUNG SM-G950F Build/R16NW) AppleWebKit/537.36 (KHTML, like Gecko) SamsungBrowser/8.2 Chrome/63.0.3239.111 Mobile Safari/537.36",Yes
56,89.199.193.251,22/Jan/2019:03:56:27,GET,/image/33888?name=model-b2048u-1-.jpg&wh=200x200,200,3975,torob/5 CFNetwork/976 Darwin/18.2.0,No
57,66.111.54.249,22/Jan/2019:03:56:27,GET,/m/filter/b1%2Cp1?page=1,200,21202,"Mozilla/5.0 (Linux; Android 5.0; SM-G900H Build/LRX21T) AppleWebKit/537.36 (KHTML, like Gecko) Chrome/39.0.2171.93 Mobile Safari/537.36",Yes
58,66.249.66.194,22/Jan/2019:03:56:28,GET,"/m/filter/b105,b113,b118,b126,b135,b136,b152,b168,b180,b188,b192,b194,b209,b213,b215,b216,b217,b218,b221,b226,b249,b258,b270,b35,b4,b400,b41,b435,b442,b454,b482,b523,b542,b548,b574,b597,b598,b6,b645,b648,b656,b67,b679,b703,b723,b724,b74,b820,b854,b88,b880,b95,b99,stexists",200,26859,"Mozilla/5.0 (Linux; Android 6.0.1; Nexus 5X Build/MMB29P) AppleWebKit/537.36 (KHTML, like Gecko) Chrome/41.0.2272.96 Mobile Safari/537.36 (compatible; Googlebot/2.1; +http://www.google.com/bot.html)",No
59,5.78.198.52,22/Jan/2019:03:56:28,POST,/m/updateVariation?__amp_source_origin=https%3A%2F%2Fwww.zanbil.ir,200,171,"Mozilla/5.0 (Linux; Android 8.0.0; SAMSUNG SM-G950F Build/R16NW) AppleWebKit/537.36 (KHTML, like Gecko) SamsungBrowser/8.2 Chrome/63.0.3239.111 Mobile Safari/537.36",Yes
60,207.46.13.115,22/Jan/2019:03:56:29,GET,/image/45443/productModel/150x150,200,2891,Mozilla/5.0 (compatible; bingbot/2.0; +http://www.bing.com/bingbot.htm),No
61,207.46.13.115,22/Jan/2019:03:56:29,GET,/image/46131/productModel/100x100,200,1981,Mozilla/5.0 (compatible; bingbot/2.0; +http://www.bing.com/bingbot.htm),No
62,5.78.198.52,22/Jan/2019:03:56:29,POST,/m/updateVariation?__amp_source_origin=https%3A%2F%2Fwww.zanbil.ir,200,171,"Mozilla/5.0 (Linux; Android 8.0.0; SAMSUNG SM-G950F Build/R16NW) AppleWebKit/537.36 (KHTML, like Gecko) SamsungBrowser/8.2 Chrome/63.0.3239.111 Mobile Safari/537.36",Yes
63,66.111.54.249,22/Jan/2019:03:56:29,GET,/static/images/guarantees/goodShopping.png,200,6496,"Mozilla/5.0 (Linux; Android 5.0; SM-G900H Build/LRX21T) AppleWebKit/537.36 (KHTML, like Gecko) Chrome/39.0.2171.93 Mobile Safari/537.36",Yes
64,66.111.54.249,22/Jan/2019:03:56:29,GET,/static/images/guarantees/warranty.png,200,5807,"Mozilla/5.0 (Linux; Android 5.0; SM-G900H Build/LRX21T) AppleWebKit/537.36 (KHTML, like Gecko) Chrome/39.0.2171.93 Mobile Safari/537.36",Yes
65,66.111.54.249,22/Jan/2019:03:56:29,GET,/static/images/guarantees/support.png,200,6454,"Mozilla/5.0 (Linux; Android 5.0; SM-G900H Build/LRX21T) AppleWebKit/537.36 (KHTML, like Gecko) Chrome/39.0.2171.93 Mobile Safari/537.36",Yes
66,66.111.54.249,22/Jan/2019:03:56:29,GET,/static/images/guarantees/bestPrice.png,200,7356,"Mozilla/5.0 (Linux; Android 5.0; SM-G900H Build/LRX21T) AppleWebKit/537.36 (KHTML, like Gecko) Chrome/39.0.2171.93 Mobile Safari/537.36",Yes
67,173.249.54.67,22/Jan/2019:03:56:29,GET,/image/32757?name=eb-x41-4.jpg&wh=200x200,200,3763,Dalvik/2.1.0 (Linux; U; Android 8.0.0; PRA-LA1 Build/HONORPRA-LA1),No
68,5.112.52.254,22/Jan/2019:03:56:29,GET,/image/1221?name=rs12w.jpg&wh=200x200,200,2856,Dalvik/2.1.0 (Linux; U; Android 8.1.0; SM-J530F Build/M1AJQ),No
69,66.111.54.249,22/Jan/2019:03:56:29,GET,/static/css/font/wyekan/font.woff,200,28536,"Mozilla/5.0 (Linux; Android 5.0; SM-G900H Build/LRX21T) AppleWebKit/537.36 (KHTML, like Gecko) Chrome/39.0.2171.93 Mobile Safari/537.36",Yes
70,5.112.52.254,22/Jan/2019:03:56:29,GET,/image/32837?name=des-3600-1111.jpg&wh=200x200,200,3323,Dalvik/2.1.0 (Linux; U; Android 8.1.0; SM-J530F Build/M1AJQ),No
71,207.46.13.115,22/Jan/2019:03:56:29,GET,/image/553/article/100x100,200,11229,Mozilla/5.0 (compatible; bingbot/2.0; +http://www.bing.com/bingbot.htm),No
72,66.111.54.249,22/Jan/2019:03:56:29,GET,/static/images/guarantees/fastDelivery.png,200,7713,"Mozilla/5.0 (Linux; Android 5.0; SM-G900H Build/LRX21T) AppleWebKit/537.36 (KHTML, like Gecko) Chrome/39.0.2171.93 Mobile Safari/537.36",Yes
73,66.249.66.194,22/Jan/2019:03:56:29,GET,/product/4057/47/78306,200,41398,Mozilla/5.0 (compatible; Googlebot/2.1; +http://www.google.com/bot.html),No
74,173.249.54.67,22/Jan/2019:03:56:30,GET,/image/28893?name=1450677370thumb.jpg&wh=200x200,200,3862,Dalvik/2.1.0 (Linux; U; Android 8.0.0; PRA-LA1 Build/HONORPRA-LA1),No
75,207.46.13.115,22/Jan/2019:03:56:30,GET,/image/6239/productModel/100x100,200,1807,Mozilla/5.0 (compatible; bingbot/2.0; +http://www.bing.com/bingbot.htm),No
76,207.46.13.115,22/Jan/2019:03:56:30,GET,/image/6239/productModel/150x150,200,2737,Mozilla/5.0 (compatible; bingbot/2.0; +http://www.bing.com/bingbot.htm),No
77,5.78.198.52,22/Jan/2019:03:56:30,POST,/m/updateVariation?__amp_source_origin=https%3A%2F%2Fwww.zanbil.ir,200,394,"Mozilla/5.0 (Linux; Android 8.0.0; SAMSUNG SM-G950F Build/R16NW) AppleWebKit/537.36 (KHTML, like Gecko) SamsungBrowser/8.2 Chrome/63.0.3239.111 Mobile Safari/537.36",Yes
78,173.249.54.67,22/Jan/2019:03:56:30,GET,/image/32745?name=ms506-14.jpg&wh=200x200,200,3901,Dalvik/2.1.0 (Linux; U; Android 8.0.0; PRA-LA1 Build/HONORPRA-LA1),No
79,66.249.66.91,22/Jan/2019:03:56:30,GET,/filter/b481%2Cb43%2Cb874%2Cb32%2Cb67%2Cb36%2Cb226%2Cb41%2Cb136%2Cb570%2Cb180%2Cb615%2Cb168%2Cb648%2Cb103%2Cb148%2Cb80%2Cb597%2Cb724%2Cb613%2Cb5%2Cb135%2Cb877%2Cb194%2Cb1%2Cb256%2Cb854%2Cb198%2Cb656%2Cb679%2Cb3%2Cb202%2Cb20%2Cb542%2Cb723%2Cb482%2Cb212%2Cb2%2Cb546%2Cb218%2Cb441%2Cb523%2Cb484%2Cb261%2Cb219%2Cb113?page=195,200,39665,Mozilla/5.0 (compatible; Googlebot/2.1; +http://www.google.com/bot.html),No
80,207.46.13.115,22/Jan/2019:03:56:31,GET,/image/6246/productModel/150x150,200,2817,Mozilla/5.0 (compatible; bingbot/2.0; +http://www.bing.com/bingbot.htm),No
81,5.211.97.39,22/Jan/2019:03:56:31,HEAD,/amp_preconnect_polyfill_404_or_other_error_expected._Do_not_worry_about_it?1548117000000,404,0,"Mozilla/5.0 (iPhone; CPU iPhone OS 10_3_2 like Mac OS X) AppleWebKit/603.2.4 (KHTML, like Gecko) Version/10.0 Mobile/14F89 Safari/602.1",Yes
82,66.249.66.91,22/Jan/2019:03:56:31,GET,/filter/b481%2Cb874%2Cb226%2Cb570%2Cb598%2Cstexists%2Cb880%2Cb270%2Cb883%2Cb99%2Cb261%2Cb249%2Cb20%2Cb701%2Cb723%2Cb198%2Cb35%2Cb548%2Cb183%2Cb103%2Cb1%2Cb126%2Cb523%2Cb192%2Cb890%2Cb236%2Cb256%2Cb74%2Cb209%2Cb651%2Cb41%2Cb202%2Cb647%2Cb613%2Cb238%2Cb6%2Cb36%2Cb50%2Cb3%2Cb216%2Cb218%2Cb95%2Cb882%2Cb186%2Cb32%2Cb194%2Cb188%2Cb795%2Cb67%2Cb231%2Cb573%2Cb542%2Cb596%2Cb215%2Cb619%2Cb125%2Cb258?page=1,200,41329,Mozilla/5.0 (compatible; Googlebot/2.1; +http://www.google.com/bot.html),No
83,173.249.54.67,22/Jan/2019:03:56:31,GET,/image/32756?name=eb-x05-11.jpg&wh=200x200,200,3130,Dalvik/2.1.0 (Linux; U; Android 8.0.0; PRA-LA1 Build/HONORPRA-LA1),No
84,31.56.96.51,22/Jan/2019:03:56:32,GET,/static/images/amp/instagram.png,200,7146,"Mozilla/5.0 (Linux; Android 6.0; ALE-L21 Build/HuaweiALE-L21) AppleWebKit/537.36 (KHTML, like Gecko) Chrome/66.0.3359.158 Mobile Safari/537.36",Yes
85,31.56.96.51,22/Jan/2019:03:56:32,GET,/static/images/amp/telegram.png,200,4859,"Mozilla/5.0 (Linux; Android 6.0; ALE-L21 Build/HuaweiALE-L21) AppleWebKit/537.36 (KHTML, like Gecko) Chrome/66.0.3359.158 Mobile Safari/537.36",Yes
86,31.56.96.51,22/Jan/2019:03:56:32,GET,/static/images/amp/blog.png,200,3863,"Mozilla/5.0 (Linux; Android 6.0; ALE-L21 Build/HuaweiALE-L21) AppleWebKit/537.36 (KHTML, like Gecko) Chrome/66.0.3359.158 Mobile Safari/537.36",Yes
87,207.46.13.115,22/Jan/2019:03:56:32,GET,/image/6471/productModel/100x100,200,2007,Mozilla/5.0 (compatible; bingbot/2.0; +http://www.bing.com/bingbot.htm),No
88,5.78.198.52,22/Jan/2019:03:56:32,POST,/m/updateVariation?__amp_source_origin=https%3A%2F%2Fwww.zanbil.ir,200,171,"Mozilla/5.0 (Linux; Android 8.0.0; SAMSUNG SM-G950F Build/R16NW) AppleWebKit/537.36 (KHTML, like Gecko) SamsungBrowser/8.2 Chrome/63.0.3239.111 Mobile Safari/537.36",Yes
89,2.179.141.98,22/Jan/2019:03:56:32,POST,"/ajaxFilter/p65,b1?page=1",200,5409,"Mozilla/5.0 (Windows NT 6.1) AppleWebKit/537.36 (KHTML, like Gecko) Chrome/71.0.3578.98 Safari/537.36",Yes
90,2.179.141.98,22/Jan/2019:03:56:32,GET,/static/js/accordion.js?_=1548117035128,200,258,"Mozilla/5.0 (Windows NT 6.1) AppleWebKit/537.36 (KHTML, like Gecko) Chrome/71.0.3578.98 Safari/537.36",Yes
91,5.78.198.52,22/Jan/2019:03:56:33,POST,/m/updateVariation?__amp_source_origin=https%3A%2F%2Fwww.zanbil.ir,200,171,"Mozilla/5.0 (Linux; Android 8.0.0; SAMSUNG SM-G950F Build/R16NW) AppleWebKit/537.36 (KHTML, like Gecko) SamsungBrowser/8.2 Chrome/63.0.3239.111 Mobile Safari/537.36",Yes
92,91.99.72.15,22/Jan/2019:03:56:34,GET,/product/29080?model=58289,200,41308,"Mozilla/5.0 (X11; Linux x86_64) AppleWebKit/537.36 (KHTML, like Gecko) Chrome/53.0.2785.92 Safari/537.36",No
93,5.78.198.52,22/Jan/2019:03:56:34,POST,/m/updateVariation?__amp_source_origin=https%3A%2F%2Fwww.zanbil.ir,200,394,"Mozilla/5.0 (Linux; Android 8.0.0; SAMSUNG SM-G950F Build/R16NW) AppleWebKit/537.36 (KHTML, like Gecko) SamsungBrowser/8.2 Chrome/63.0.3239.111 Mobile Safari/537.36",Yes
94,54.36.148.87,22/Jan/2019:03:56:34,GET,/filter/p65%2Cv1%7C%D9%86%D9%82%D8%B1%D9%87%20%D8%A7%DB%8C.%2C6315%7C%D8%AA%D8%AE%D8%AA%20%28%20Flat%20%29?o=6315,302,0,Mozilla/5.0 (compatible; AhrefsBot/6.1; +http://ahrefs.com/robot/),No
95,17.58.102.43,22/Jan/2019:03:56:35,GET,/filter/b571%2Cb288%2Cb70%2Cb57%2Cb6%2Cb355%2Cb485%2Cb87%2Cb551%2Cb148,200,37759,"Mozilla/5.0 (Macintosh; Intel Mac OS X 10_10_1) AppleWebKit/600.2.5 (KHTML, like Gecko) Version/8.0.2 Safari/600.2.5 (Applebot/0.1; +http://www.apple.com/go/applebot)",No
96,91.99.72.15,22/Jan/2019:03:56:35,GET,/product/30472/60169/%D8%B9%D8%B7%D8%B1-%D9%88-%D8%A7%D8%AF%DA%A9%D9%84%D9%86-%D8%B2%D9%86%D8%A7%D9%86%D9%87-%D8%AF%DB%8C%D9%88%D8%B1-%D9%85%D8%AF%D9%84-Poison-Girl,200,42242,Mozilla/5.0 (Windows NT 6.2; Win64; x64; rv:16.0)Gecko/16.0 Firefox/16.0,No
97,66.249.66.194,22/Jan/2019:03:56:35,GET,/m/product/17369/48780/%DB%8C%D8%AE%DA%86%D8%A7%D9%84-%D9%81%D8%B1%DB%8C%D8%B2%D8%B1-%DA%86%D9%87%D8%A7%D8%B1-%D8%AF%D8%B1%D8%A8-%D9%87%D8%A7%DB%8C%D8%B3%D9%86%D8%B3-%D9%85%D8%AF%D9%84-RQ-56WC4SAB,200,20863,"Mozilla/5.0 (Linux; Android 6.0.1; Nexus 5X Build/MMB29P) AppleWebKit/537.36 (KHTML, like Gecko) Chrome/41.0.2272.96 Mobile Safari/537.36 (compatible; Googlebot/2.1; +http://www.google.com/bot.html)",No
98,66.249.66.194,22/Jan/2019:03:56:35,GET,"/m/filter/b1,b103,b126,b136,b143,b148,b183,b185,b188,b192,b198,b20,b202,b216,b218,b221,b226,b236,b249,b256,b261,b270,b3,b308,b32,b36,b4,b41,b42,b43,b441,b454,b481,b484,b523,b548,b570,b573,b598,b6,b613,b614,b63,b647,b651,b701,b703,b874,b879,b88,b880,b883,b890,b900,b903,b99,stexists",200,27284,"Mozilla/5.0 (Linux; Android 6.0.1; Nexus 5X Build/MMB29P) AppleWebKit/537.36 (KHTML, like Gecko) Chrome/41.0.2272.96 Mobile Safari/537.36 (compatible; Googlebot/2.1; +http://www.google.com/bot.html)",No
99,2.177.12.140,22/Jan/2019:03:56:36,GET,/image/62423/productModel/150x150,200,4911,Mozilla/5.0 (Android 7.1.1; Mobile; rv:64.0) Gecko/64.0 Firefox/64.0,Yes
100,91.99.72.15,22/Jan/2019:03:56:37,GET,/product/14496/25676/%D8%B3%D8%B1-%D8%B4%D9%88%D8%B1-%D8%A2%D8%B1%DB%8C%D8%A7-%D8%B5%D9%86%D8%B9%D8%AA-%D9%85%D8%AF%D9%84-SN-3270,200,40134,"Mozilla/5.0 (Windows NT 6.1; WOW64) AppleWebKit/535.7(KHTML, like Gecko) Chrome/16.0.912.36 Safari/535.7",No
101,51.15.15.54,22/Jan/2019:03:56:38,GET,/blog/tag/%DA%AF%D8%AC%D8%AA/,200,21391,Barkrowler/0.9 (+http://www.exensa.com/crawl),No
102,91.99.72.15,22/Jan/2019:03:56:38,GET,/product/21891/46412/%D8%B5%D9%86%D8%AF%D9%84%DB%8C-%D9%85%D8%A7%D8%B3%D8%A7%DA%98%D9%88%D8%B1-rain-sport-%D9%85%D8%AF%D9%84-RK-2106b,200,41561,"Mozilla/5.0 (Macintosh; Intel Mac OS X 10_7_3) AppleWebKit/534.55.3 (KHTML, like Gecko) Version/5.1.3 Safari/534.53.10",No
103,2.177.12.140,22/Jan/2019:03:56:38,GET,/image/62178/productModel/150x150,200,5005,Mozilla/5.0 (Android 7.1.1; Mobile; rv:64.0) Gecko/64.0 Firefox/64.0,Yes
104,2.177.12.140,22/Jan/2019:03:56:38,GET,/image/64498/productModel/150x150,200,4890,Mozilla/5.0 (Android 7.1.1; Mobile; rv:64.0) Gecko/64.0 Firefox/64.0,Yes
105,66.249.66.91,22/Jan/2019:03:56:38,GET,/filter/b481%2Cb874%2Cb226%2Cb570%2Cb598%2Cstexists%2Cb880%2Cb270%2Cb883%2Cb99%2Cb261%2Cb249%2Cb20%2Cb701%2Cb723%2Cb198%2Cb35%2Cb548%2Cb183%2Cb103%2Cb1%2Cb126%2Cb523%2Cb192%2Cb890%2Cb236%2Cb256%2Cb74%2Cb209%2Cb651%2Cb41%2Cb202%2Cb647%2Cb613%2Cb238%2Cb6%2Cb36%2Cb3%2Cb216%2Cb218%2Cb95%2Cb882%2Cb186%2Cb32%2Cb194%2Cb188%2Cb795%2Cb67%2Cb231%2Cb573%2Cb542%2Cb596%2Cb215%2Cb619%2Cb125?page=1,200,41218,Mozilla/5.0 (compatible; Googlebot/2.1; +http://www.google.com/bot.html),No
106,31.56.96.51,22/Jan/2019:03:56:38,GET,/static/images/amp/third-party/footer-mobile.png,200,62894,"Mozilla/5.0 (Linux; Android 6.0; ALE-L21 Build/HuaweiALE-L21) AppleWebKit/537.36 (KHTML, like Gecko) Chrome/66.0.3359.158 Mobile Safari/537.36",Yes
107,54.36.149.17,22/Jan/2019:03:56:38,GET,/product/30972/84309,200,41524,Mozilla/5.0 (compatible; AhrefsBot/6.1; +http://ahrefs.com/robot/),No
108,66.249.66.91,22/Jan/2019:03:56:39,GET,/filter/b656%2Cb703%2Cb67%2Cb226%2Cb41%2Cb598%2Cb168%2Cb723%2Cb597%2Cb88%2Cb548%2Cb6%2Cb679%2Cb215%2Cb105%2Cb194%2Cb74%2Cb542%2Cb35%2Cb113%2Cb820%2Cb574%2Cb442%2Cb880%2Cb645%2Cb724%2Cb118%2Cb482%2Cb400%2Cb95%2Cb135%2Cb249%2Cb435%2Cb221%2Cb523%2Cb854%2Cb126%2Cstexists%2Cb216%2Cb217%2Cb152%2Cb99%2Cb188%2Cb209%2Cb192%2Cb213%2Cb136%2Cb218%2Cb4%2Cb648%2Cb454%2Cb258%2Cb270%2Cb180?page=45,200,41513,Mozilla/5.0 (compatible; Googlebot/2.1; +http://www.google.com/bot.html),No
109,5.62.206.249,22/Jan/2019:03:56:40,GET,/image/34187?name=m12a-1.jpg&wh=200x200,200,5603,Dalvik/2.1.0 (Linux; U; Android 6.0.1; SM-J710F Build/MMB29K),No
110,2.179.141.98,22/Jan/2019:03:56:40,POST,"/ajaxFilter/p65,b1?page=2",200,5092,"Mozilla/5.0 (Windows NT 6.1) AppleWebKit/537.36 (KHTML, like Gecko) Chrome/71.0.3578.98 Safari/537.36",Yes
111,66.249.66.194,22/Jan/2019:03:56:40,GET,/product/34024/64843/%DB%8C%D8%AE%DA%86%D8%A7%D9%84-%D9%81%D8%B1%DB%8C%D8%B2%D8%B1-%D9%81%D8%B1%DB%8C%D8%B2%D8%B1-%D9%BE%D8%A7%DB%8C%DB%8C%D9%86-%D8%AF%D9%88%D9%88-%D9%85%D8%AF%D9%84-Ultimo-SR-D2LW,200,43526,Mozilla/5.0 (compatible; Googlebot/2.1; +http://www.google.com/bot.html),No
112,2.179.141.98,22/Jan/2019:03:56:40,GET,/static/js/accordion.js?_=1548117042983,200,258,"Mozilla/5.0 (Windows NT 6.1) AppleWebKit/537.36 (KHTML, like Gecko) Chrome/71.0.3578.98 Safari/537.36",Yes
113,207.46.13.136,22/Jan/2019:03:56:41,GET,/filter/p5935%2Cb543,200,35701,Mozilla/5.0 (compatible; bingbot/2.0; +http://www.bing.com/bingbot.htm),No
114,66.111.54.249,22/Jan/2019:03:56:42,GET,/m/browse/refrigerator-and-freezer/%DB%8C%D8%AE%DA%86%D8%A7%D9%84-%D9%81%D8%B1%DB%8C%D8%B2%D8%B1,200,20012,"Mozilla/5.0 (Linux; Android 5.0; SM-G900H Build/LRX21T) AppleWebKit/537.36 (KHTML, like Gecko) Chrome/39.0.2171.93 Mobile Safari/537.36",Yes
115,207.46.13.136,22/Jan/2019:03:56:43,GET,/product/21766?model=46248,200,40464,Mozilla/5.0 (compatible; bingbot/2.0; +http://www.bing.com/bingbot.htm),No
116,2.177.12.140,22/Jan/2019:03:56:43,GET,/image/59567/productModel/150x150,200,6005,Mozilla/5.0 (Android 7.1.1; Mobile; rv:64.0) Gecko/64.0 Firefox/64.0,Yes
117,54.36.148.18,22/Jan/2019:03:56:44,GET,/blog/tag/%D8%A7%D8%AF%D9%88%DB%8C%D9%87/feed/,200,5265,Mozilla/5.0 (compatible; AhrefsBot/6.1; +http://ahrefs.com/robot/),No
118,66.111.54.249,22/Jan/2019:03:56:44,GET,/settings/logo,200,4120,"Mozilla/5.0 (Linux; Android 5.0; SM-G900H Build/LRX21T) AppleWebKit/537.36 (KHTML, like Gecko) Chrome/39.0.2171.93 Mobile Safari/537.36",Yes
119,54.36.148.17,22/Jan/2019:03:56:44,GET,/filter/p44%2Cv1%7C%D8%A2%D9%84%D8%A8%D8%A7%D9%84%D9%88%DB%8C%DB%8C%2Cv1%7C%D8%AE%D8%A7%DA%A9%D8%B3%D8%AA%D8%B1%DB%8C.,200,33103,Mozilla/5.0 (compatible; AhrefsBot/6.1; +http://ahrefs.com/robot/),No
120,2.185.221.79,22/Jan/2019:03:56:44,GET,/image/29128?name=704-1.jpg&wh=200x200,200,3212,Dalvik/2.1.0 (Linux; U; Android 5.1.1; SM-E700H Build/LMY47X),No
121,66.111.54.249,22/Jan/2019:03:56:45,GET,/image/61103/productModel/200x200,200,3881,"Mozilla/5.0 (Linux; Android 5.0; SM-G900H Build/LRX21T) AppleWebKit/537.36 (KHTML, like Gecko) Chrome/39.0.2171.93 Mobile Safari/537.36",Yes
122,66.111.54.249,22/Jan/2019:03:56:45,GET,/image/62139/productModel/200x200,200,2931,"Mozilla/5.0 (Linux; Android 5.0; SM-G900H Build/LRX21T) AppleWebKit/537.36 (KHTML, like Gecko) Chrome/39.0.2171.93 Mobile Safari/537.36",Yes
123,66.111.54.249,22/Jan/2019:03:56:45,GET,/image/65321/productModel/200x200,200,3788,"Mozilla/5.0 (Linux; Android 5.0; SM-G900H Build/LRX21T) AppleWebKit/537.36 (KHTML, like Gecko) Chrome/39.0.2171.93 Mobile Safari/537.36",Yes
124,66.111.54.249,22/Jan/2019:03:56:45,GET,/image/57599/productModel/200x200,200,2924,"Mozilla/5.0 (Linux; Android 5.0; SM-G900H Build/LRX21T) AppleWebKit/537.36 (KHTML, like Gecko) Chrome/39.0.2171.93 Mobile Safari/537.36",Yes
125,66.111.54.249,22/Jan/2019:03:56:45,GET,/image/61964/productModel/200x200,200,3323,"Mozilla/5.0 (Linux; Android 5.0; SM-G900H Build/LRX21T) AppleWebKit/537.36 (KHTML, like Gecko) Chrome/39.0.2171.93 Mobile Safari/537.36",Yes
126,66.111.54.249,22/Jan/2019:03:56:45,GET,/image/56228/productModel/200x200,200,3385,"Mozilla/5.0 (Linux; Android 5.0; SM-G900H Build/LRX21T) AppleWebKit/537.36 (KHTML, like Gecko) Chrome/39.0.2171.93 Mobile Safari/537.36",Yes
127,2.177.12.140,22/Jan/2019:03:56:45,GET,/image/62843/productModel/150x150,200,4510,Mozilla/5.0 (Android 7.1.1; Mobile; rv:64.0) Gecko/64.0 Firefox/64.0,Yes
128,2.179.141.98,22/Jan/2019:03:56:45,POST,"/ajaxFilter/p65,b1?page=1",200,5409,"Mozilla/5.0 (Windows NT 6.1) AppleWebKit/537.36 (KHTML, like Gecko) Chrome/71.0.3578.98 Safari/537.36",Yes
129,66.111.54.249,22/Jan/2019:03:56:45,GET,/image/99/brand,200,2136,"Mozilla/5.0 (Linux; Android 5.0; SM-G900H Build/LRX21T) AppleWebKit/537.36 (KHTML, like Gecko) Chrome/39.0.2171.93 Mobile Safari/537.36",Yes
130,2.179.141.98,22/Jan/2019:03:56:45,GET,/static/js/accordion.js?_=1548117047784,200,258,"Mozilla/5.0 (Windows NT 6.1) AppleWebKit/537.36 (KHTML, like Gecko) Chrome/71.0.3578.98 Safari/537.36",Yes
131,66.111.54.249,22/Jan/2019:03:56:45,GET,/image/893/brand,200,3131,"Mozilla/5.0 (Linux; Android 5.0; SM-G900H Build/LRX21T) AppleWebKit/537.36 (KHTML, like Gecko) Chrome/39.0.2171.93 Mobile Safari/537.36",Yes
132,66.111.54.249,22/Jan/2019:03:56:45,GET,/image/5/productTypeType,200,11174,"Mozilla/5.0 (Linux; Android 5.0; SM-G900H Build/LRX21T) AppleWebKit/537.36 (KHTML, like Gecko) Chrome/39.0.2171.93 Mobile Safari/537.36",Yes
133,66.111.54.249,22/Jan/2019:03:56:45,GET,/image/877/brand,200,3121,"Mozilla/5.0 (Linux; Android 5.0; SM-G900H Build/LRX21T) AppleWebKit/537.36 (KHTML, like Gecko) Chrome/39.0.2171.93 Mobile Safari/537.36",Yes
134,66.111.54.249,22/Jan/2019:03:56:45,GET,/image/10/productTypeType,200,11404,"Mozilla/5.0 (Linux; Android 5.0; SM-G900H Build/LRX21T) AppleWebKit/537.36 (KHTML, like Gecko) Chrome/39.0.2171.93 Mobile Safari/537.36",Yes
135,207.46.13.104,22/Jan/2019:03:56:45,GET,"/filter?f=b36,b238,b244",200,37257,Mozilla/5.0 (compatible; bingbot/2.0; +http://www.bing.com/bingbot.htm),No
136,66.111.54.249,22/Jan/2019:03:56:45,GET,/image/1218/mainSlideMobile,200,68123,"Mozilla/5.0 (Linux; Android 5.0; SM-G900H Build/LRX21T) AppleWebKit/537.36 (KHTML, like Gecko) Chrome/39.0.2171.93 Mobile Safari/537.36",Yes
137,66.111.54.249,22/Jan/2019:03:56:45,GET,/image/1647/productModel/200x200,200,3744,"Mozilla/5.0 (Linux; Android 5.0; SM-G900H Build/LRX21T) AppleWebKit/537.36 (KHTML, like Gecko) Chrome/39.0.2171.93 Mobile Safari/537.36",Yes
138,66.111.54.249,22/Jan/2019:03:56:46,GET,/image/60751/productModel/200x200,200,2342,"Mozilla/5.0 (Linux; Android 5.0; SM-G900H Build/LRX21T) AppleWebKit/537.36 (KHTML, like Gecko) Chrome/39.0.2171.93 Mobile Safari/537.36",Yes
139,66.249.66.91,22/Jan/2019:03:56:46,GET,/filter/b36%2Cb41%2Cb598%2Cb168%2Cb103%2Cb614%2Cb88%2Cb19%2Cb194%2Cb35%2Cb321%2Cb5%2Cb261%2Cb442%2Cb484%2Cb723%2Cb573%2Cb192%2Cb724%2Cb435%2Cb183%2Cb542%2Cb135%2Cb63%2Cb497%2Cb619%2Cb613%2Cb126%2Cb74%2Cb441%2Cb568%2Cb880%2Cb647%2Cb185%2Cb584%2Cb224%2Cb213%2Cb3%2Cb570%2Cb198%2Cb256%2Cb238%2Cb485%2Cb574%2Cb186%2Cb548%2Cstexists%2Cb215%2Cb904%2Cb615%2Cb603%2Cb203%2Cb43%2Cb152%2Cb95%2Cb147%2Cb143%2Cb656%2Cb2%2Cb308%2Cb80%2Cb22%2Cb883%2Cb523%2Cb903?page=93,200,32624,Mozilla/5.0 (compatible; Googlebot/2.1; +http://www.google.com/bot.html),No
140,66.111.54.249,22/Jan/2019:03:56:46,GET,/favicon.ico,200,0,"Mozilla/5.0 (Linux; Android 5.0; SM-G900H Build/LRX21T) AppleWebKit/537.36 (KHTML, like Gecko) Chrome/39.0.2171.93 Mobile Safari/537.36",No
141,66.111.54.249,22/Jan/2019:03:56:46,GET,/image/879/brand,200,3348,"Mozilla/5.0 (Linux; Android 5.0; SM-G900H Build/LRX21T) AppleWebKit/537.36 (KHTML, like Gecko) Chrome/39.0.2171.93 Mobile Safari/537.36",Yes
142,66.111.54.249,22/Jan/2019:03:56:46,GET,/image/886/brand,200,3860,"Mozilla/5.0 (Linux; Android 5.0; SM-G900H Build/LRX21T) AppleWebKit/537.36 (KHTML, like Gecko) Chrome/39.0.2171.93 Mobile Safari/537.36",Yes
143,66.111.54.249,22/Jan/2019:03:56:46,GET,/image/20/brand,200,1958,"Mozilla/5.0 (Linux; Android 5.0; SM-G900H Build/LRX21T) AppleWebKit/537.36 (KHTML, like Gecko) Chrome/39.0.2171.93 Mobile Safari/537.36",Yes
144,66.111.54.249,22/Jan/2019:03:56:46,GET,/image/11/productTypeType,200,11468,"Mozilla/5.0 (Linux; Android 5.0; SM-G900H Build/LRX21T) AppleWebKit/537.36 (KHTML, like Gecko) Chrome/39.0.2171.93 Mobile Safari/537.36",Yes
145,66.111.54.249,22/Jan/2019:03:56:46,GET,/image/14/productTypeType,200,11129,"Mozilla/5.0 (Linux; Android 5.0; SM-G900H Build/LRX21T) AppleWebKit/537.36 (KHTML, like Gecko) Chrome/39.0.2171.93 Mobile Safari/537.36",Yes
146,66.111.54.249,22/Jan/2019:03:56:46,GET,/image/978/mainSlideMobile,200,66099,"Mozilla/5.0 (Linux; Android 5.0; SM-G900H Build/LRX21T) AppleWebKit/537.36 (KHTML, like Gecko) Chrome/39.0.2171.93 Mobile Safari/537.36",Yes
147,207.46.13.104,22/Jan/2019:03:56:46,GET,/browse/flute-keys/www.zanbil.ir,404,33605,Mozilla/5.0 (compatible; bingbot/2.0; +http://www.bing.com/bingbot.htm),No
148,66.249.66.194,22/Jan/2019:03:56:47,GET,/m/product/31479/61477/%DA%AF%D9%88%D8%B4%DB%8C-%D9%85%D9%88%D8%A8%D8%A7%DB%8C%D9%84-%D9%87%D9%88%D8%A7%D9%88%DB%8C-%D9%85%D8%AF%D9%84-Honor-5x-Dual-16GB-%28KIW-L21%29,200,21141,"Mozilla/5.0 (Linux; Android 6.0.1; Nexus 5X Build/MMB29P) AppleWebKit/537.36 (KHTML, like Gecko) Chrome/41.0.2272.96 Mobile Safari/537.36 (compatible; Googlebot/2.1; +http://www.google.com/bot.html)",No
149,207.46.13.136,22/Jan/2019:03:56:47,GET,"/filter/b1,b103,b105,b109,b111,b113,b135,b144,b176,b186,b221,b261,b291,b321,b454,b52,b598,b647,b656,b723,b77,b83",200,39301,Mozilla/5.0 (compatible; bingbot/2.0; +http://www.bing.com/bingbot.htm),No
150,54.36.148.32,22/Jan/2019:03:56:47,GET,/product/14934/75047,200,44428,Mozilla/5.0 (compatible; AhrefsBot/6.1; +http://ahrefs.com/robot/),No
151,54.36.149.35,22/Jan/2019:03:56:47,GET,"/filter/p10143,stexists,v1|%D9%85%D8%B4%DA%A9%DB%8C",200,29665,Mozilla/5.0 (compatible; AhrefsBot/6.1; +http://ahrefs.com/robot/),No
152,207.46.13.104,22/Jan/2019:03:56:47,GET,/image/28874?name=h-br515xxxx.jpg&wh=max,200,9689,Mozilla/5.0 (compatible; bingbot/2.0; +http://www.bing.com/bingbot.htm),No
153,66.249.66.194,22/Jan/2019:03:56:48,GET,/product/22706/%D8%B3%D8%A7%D8%B9%D8%AA-%D9%88%D8%B1%D8%B2%D8%B4%DB%8C-%D8%BA%D9%88%D8%A7%D8%B5%DB%8C-CHRIS-BENZ-%D9%85%D8%AF%D9%84-CBD.SI.KBS,200,41552,Googlebot-Image/1.0,No
154,66.249.66.91,22/Jan/2019:03:56:48,GET,/filter/b656%2Cb703%2Cb32%2Cb67%2Cb226%2Cb41%2Cb598%2Cb168%2Cb723%2Cb597%2Cb88%2Cb548%2Cb6%2Cb679%2Cb215%2Cb105%2Cb194%2Cb74%2Cb542%2Cb35%2Cb113%2Cb820%2Cb574%2Cb442%2Cb645%2Cb724%2Cb118%2Cb482%2Cb400%2Cb95%2Cb135%2Cb249%2Cb221%2Cb523%2Cb854%2Cb126%2Cstexists%2Cb216%2Cb217%2Cb152%2Cb99%2Cb188%2Cb209%2Cb192%2Cb213%2Cb136%2Cb218%2Cb4%2Cb648%2Cb454%2Cb435%2Cb261%2Cb147?page=50,200,41332,Mozilla/5.0 (compatible; Googlebot/2.1; +http://www.google.com/bot.html),No
155,172.20.2.174,22/Jan/2019:03:56:49,GET,/site/ping,200,4,-,No
156,5.160.157.20,22/Jan/2019:03:56:49,GET,/browse/blu-ray,301,178,Mozilla/5.0 (Windows NT 5.1; rv:8.0) Gecko/20100101 Firefox/8.0,No
157,5.160.157.20,22/Jan/2019:03:56:49,GET,/filter?f=p12129&page=21,301,178,Mozilla/5.0 (Windows NT 5.1; rv:8.0) Gecko/20100101 Firefox/8.0,No
158,66.249.66.194,22/Jan/2019:03:56:49,GET,/m/browse/electric-shavers/%D9%85%D8%A7%D8%B4%DB%8C%D9%86-%D8%A7%D8%B5%D9%84%D8%A7%D8%AD,200,20827,"Mozilla/5.0 (Linux; Android 6.0.1; Nexus 5X Build/MMB29P) AppleWebKit/537.36 (KHTML, like Gecko) Chrome/41.0.2272.96 Mobile Safari/537.36 (compatible; Googlebot/2.1; +http://www.google.com/bot.html)",No
159,5.78.198.52,22/Jan/2019:03:56:49,GET,/m/filter/p62?page=1,200,19265,"Mozilla/5.0 (Linux; Android 8.0.0; SAMSUNG SM-G950F Build/R16NW) AppleWebKit/537.36 (KHTML, like Gecko) SamsungBrowser/8.2 Chrome/63.0.3239.111 Mobile Safari/537.36",Yes
160,66.249.66.91,22/Jan/2019:03:56:50,GET,/filter/b481%2Cb226%2Cb570%2Cb80%2Cb270%2Cb903%2Cb883%2Cb99%2Cb152%2Cb249%2Cb20%2Cb701%2Cb723%2Cb42%2Cb198%2Cb35%2Cb183%2Cb219%2Cb308%2Cb126%2Cb523%2Cb900%2Cb188%2Cb703%2Cb890%2Cb148%2Cb236%2Cb256%2Cb74%2Cb400%2Cb209%2Cb19%2Cb651%2Cb202%2Cb4%2Cb22%2Cb238%2Cb6%2Cb596%2Cb143%2Cb877%2Cb485%2Cb221%2Cb194%2Cb136%2Cb647%2Cb497%2Cb546%2Cb105%2Cb185%2Cb95%2Cb568%2Cb151%2Cb88%2Cb597%2Cb820%2Cb103%2Cb613%2Cb880%2Cb36%2Cb212%2Cb542%2Cb213%2Cb186?page=10,200,42101,Mozilla/5.0 (compatible; Googlebot/2.1; +http://www.google.com/bot.html),No
161,5.78.198.52,22/Jan/2019:03:56:50,GET,/settings/logo,200,4120,"Mozilla/5.0 (Linux; Android 8.0.0; SAMSUNG SM-G950F Build/R16NW) AppleWebKit/537.36 (KHTML, like Gecko) SamsungBrowser/8.2 Chrome/63.0.3239.111 Mobile Safari/537.36",Yes
162,5.211.97.39,22/Jan/2019:03:56:50,GET,/m/browse/food-preparation/%D8%A2%D9%85%D8%A7%D8%AF%D9%87-%D8%B3%D8%A7%D8%B2%DB%8C-%D8%BA%D8%B0%D8%A7,200,16726,"Mozilla/5.0 (iPhone; CPU iPhone OS 10_3_2 like Mac OS X) AppleWebKit/603.2.4 (KHTML, like Gecko) Version/10.0 Mobile/14F89 Safari/602.1",Yes
163,5.78.198.52,22/Jan/2019:03:56:50,GET,/image/57737/productModel/200x200,200,4361,"Mozilla/5.0 (Linux; Android 8.0.0; SAMSUNG SM-G950F Build/R16NW) AppleWebKit/537.36 (KHTML, like Gecko) SamsungBrowser/8.2 Chrome/63.0.3239.111 Mobile Safari/537.36",Yes
164,5.78.198.52,22/Jan/2019:03:56:50,GET,/image/55109/productModel/200x200,200,4313,"Mozilla/5.0 (Linux; Android 8.0.0; SAMSUNG SM-G950F Build/R16NW) AppleWebKit/537.36 (KHTML, like Gecko) SamsungBrowser/8.2 Chrome/63.0.3239.111 Mobile Safari/537.36",Yes
165,5.211.97.39,22/Jan/2019:03:56:50,GET,/settings/logo,200,4120,"Mozilla/5.0 (iPhone; CPU iPhone OS 10_3_2 like Mac OS X) AppleWebKit/603.2.4 (KHTML, like Gecko) Version/10.0 Mobile/14F89 Safari/602.1",Yes
166,5.78.198.52,22/Jan/2019:03:56:50,GET,/image/61936/productModel/200x200,200,5953,"Mozilla/5.0 (Linux; Android 8.0.0; SAMSUNG SM-G950F Build/R16NW) AppleWebKit/537.36 (KHTML, like Gecko) SamsungBrowser/8.2 Chrome/63.0.3239.111 Mobile Safari/537.36",Yes
167,5.211.97.39,22/Jan/2019:03:56:50,HEAD,/amp_preconnect_polyfill_404_or_other_error_expected._Do_not_worry_about_it?1548117000000,404,0,"Mozilla/5.0 (iPhone; CPU iPhone OS 10_3_2 like Mac OS X) AppleWebKit/603.2.4 (KHTML, like Gecko) Version/10.0 Mobile/14F89 Safari/602.1",Yes
168,5.78.198.52,22/Jan/2019:03:56:50,GET,/image/52485/productModel/200x200,200,5064,"Mozilla/5.0 (Linux; Android 8.0.0; SAMSUNG SM-G950F Build/R16NW) AppleWebKit/537.36 (KHTML, like Gecko) SamsungBrowser/8.2 Chrome/63.0.3239.111 Mobile Safari/537.36",Yes
169,91.99.72.15,22/Jan/2019:03:56:50,GET,/product/32257/62557/%D8%B9%D8%B7%D8%B1-%D9%88-%D8%A7%D8%AF%DA%A9%D9%84%D9%86-%D9%85%D8%B4%D8%AA%D8%B1%DA%A9-Marc-Joseph-%D9%85%D8%AF%D9%84-Vetiver-Story,200,41176,"Mozilla/5.0 (Macintosh; Intel Mac OS X 10_7_3) AppleWebKit/534.55.3 (KHTML, like Gecko) Version/5.1.3 Safari/534.53.10",No
170,54.36.148.161,22/Jan/2019:03:56:50,GET,/filter/p28%2Cv1%7C%D8%B3%D9%81%DB%8C%D8%AF%20%D9%82%D8%B1%D9%85%D8%B2?o=v1,302,0,Mozilla/5.0 (compatible; AhrefsBot/6.1; +http://ahrefs.com/robot/),No
171,66.249.66.91,22/Jan/2019:03:56:51,GET,/filter/b481%2Cb226%2Cb570%2Cb598%2Cstexists%2Cb270%2Cb903%2Cb883%2Cb99%2Cb261%2Cb249%2Cb20%2Cb701%2Cb42%2Cb879%2Cb198%2Cb548%2Cb183%2Cb88%2Cb219%2Cb103%2Cb1%2Cb126%2Cb523%2Cb900%2Cb192%2Cb703%2Cb890%2Cb148%2Cb236%2Cb256%2Cb651%2Cb41%2Cb202%2Cb647%2Cb4%2Cb22%2Cb613%2Cb238%2Cb6%2Cb221%2Cb36%2Cb614%2Cb3%2Cb216%2Cb218%2Cb43%2Cb125%2Cp1%2Cp32553?page=35,200,32397,Mozilla/5.0 (compatible; Googlebot/2.1; +http://www.google.com/bot.html),No
172,66.249.66.194,22/Jan/2019:03:56:51,GET,/product/26694/61119/%D8%AF%D9%88%DA%86%D8%B1%D8%AE%D9%87-%DA%A9%D9%88%D9%87%D8%B3%D8%AA%D8%A7%D9%86-%D9%81%D9%88%D8%AC%DB%8C-%D9%85%D8%AF%D9%84-NEVADA-1.7-%282016%29,200,41524,Mozilla/5.0 (compatible; Googlebot/2.1; +http://www.google.com/bot.html),No
173,157.55.39.245,22/Jan/2019:03:56:51,GET,"/filter/b1,b103,b105,b111,b122,b130,b212,b552,b68,b718,b98",200,38051,Mozilla/5.0 (compatible; bingbot/2.0; +http://www.bing.com/bingbot.htm),No
174,66.111.54.249,22/Jan/2019:03:56:51,GET,/image/31485/productModel/200x200,200,3261,"Mozilla/5.0 (Linux; Android 5.0; SM-G900H Build/LRX21T) AppleWebKit/537.36 (KHTML, like Gecko) Chrome/39.0.2171.93 Mobile Safari/537.36",Yes
175,66.111.54.249,22/Jan/2019:03:56:51,GET,/image/50995/productModel/200x200,200,2244,"Mozilla/5.0 (Linux; Android 5.0; SM-G900H Build/LRX21T) AppleWebKit/537.36 (KHTML, like Gecko) Chrome/39.0.2171.93 Mobile Safari/537.36",Yes
176,66.111.54.249,22/Jan/2019:03:56:51,GET,/image/64431/productModel/200x200,200,4227,"Mozilla/5.0 (Linux; Android 5.0; SM-G900H Build/LRX21T) AppleWebKit/537.36 (KHTML, like Gecko) Chrome/39.0.2171.93 Mobile Safari/537.36",Yes
177,66.111.54.249,22/Jan/2019:03:56:51,GET,/image/65362/productModel/200x200,200,3776,"Mozilla/5.0 (Linux; Android 5.0; SM-G900H Build/LRX21T) AppleWebKit/537.36 (KHTML, like Gecko) Chrome/39.0.2171.93 Mobile Safari/537.36",Yes
178,173.249.54.67,22/Jan/2019:03:56:51,GET,/image/34185?name=mfp-m130a-1.jpg&wh=200x200,200,5395,Dalvik/2.1.0 (Linux; U; Android 8.0.0; PRA-LA1 Build/HONORPRA-LA1),No
179,91.99.72.15,22/Jan/2019:03:56:52,GET,/product/2623?model=2699,200,43555,"Mozilla/5.0 (Windows NT 6.1; WOW64) AppleWebKit/535.7(KHTML, like Gecko) Chrome/16.0.912.36 Safari/535.7",No
180,207.46.13.136,22/Jan/2019:03:56:53,GET,/filter/b152%2Cp1%2Cb144%2Cb880,200,38190,Mozilla/5.0 (compatible; bingbot/2.0; +http://www.bing.com/bingbot.htm),No
181,91.99.72.15,22/Jan/2019:03:56:53,GET,/product/32718/63159/%D8%AA%D9%84%D9%88%DB%8C%D8%B2%DB%8C%D9%88%D9%86-%D8%A7%D9%84-%D8%A7%DB%8C-%D8%AF%DB%8C-%D8%A7%DB%8C%DA%A9%D8%B3-%D9%88%DB%8C%DA%98%D9%86-%D9%85%D8%AF%D9%84-LE-29D40,200,42528,"Mozilla/5.0 (Macintosh; Intel Mac OS X 10_7_3) AppleWebKit/534.55.3 (KHTML, like Gecko) Version/5.1.3 Safari/534.53.10",No
182,66.249.66.194,22/Jan/2019:03:56:54,GET,/product/20821/44932/%D8%AF%D8%B3%D8%AA%DA%AF%D8%A7%D9%87-%D8%A8%D8%AE%D9%88%D8%B1-%D8%B2%DB%8C%DA%A9%D9%84%D8%A7%D8%B3-%D9%85%D8%AF-%D9%85%D8%AF%D9%84-%D8%A8%D8%AE%D9%88%D8%B1-%D8%B3%D8%B1%D8%AF-ZYK-C01,302,0,"Mozilla/5.0 (Linux; Android 6.0.1; Nexus 5X Build/MMB29P) AppleWebKit/537.36 (KHTML, like Gecko) Chrome/41.0.2272.96 Mobile Safari/537.36 (compatible; Googlebot/2.1; +http://www.google.com/bot.html)",No
183,157.55.39.245,22/Jan/2019:03:56:54,GET,/blog/sports/gym-and-fitness/%db%b7-%d8%a7%d8%b4%d8%aa%d8%a8%d8%a7%d9%87-%d8%b1%d8%a7%db%8c%d8%ac-%d8%af%d8%b1-%d8%aa%d9%85%d8%b1%db%8c%d9%86%d8%a7%d8%aa-%d8%a8%d8%af%d9%86%d8%b3%d8%a7%d8%b2%db%8c/,200,25639,Mozilla/5.0 (compatible; bingbot/2.0; +http://www.bing.com/bingbot.htm),No
184,5.209.200.218,22/Jan/2019:03:56:54,GET,/m/filter/b99%2Cp4510%2Cstexists%2Ct116,200,17946,"Mozilla/5.0 (Linux; Android 5.1.1; SM-G361H Build/LMY48B) AppleWebKit/537.36 (KHTML, like Gecko) Chrome/55.0.2883.91 Mobile Safari/537.36",Yes
185,17.58.102.43,22/Jan/2019:03:56:55,GET,/filter?f=b211%2Cb502%2Cb229%2Cb99%2Cb507%2Cb122%2Cb109%2Cb46%2Cb176%2Cb219%2Cb577%2Cb261%2Cb1&page=3&o=b,302,0,"Mozilla/5.0 (Macintosh; Intel Mac OS X 10_10_1) AppleWebKit/600.2.5 (KHTML, like Gecko) Version/8.0.2 Safari/600.2.5 (Applebot/0.1; +http://www.apple.com/go/applebot)",No
186,66.249.66.194,22/Jan/2019:03:56:55,GET,/m/product/7472/%D8%B3%DB%8C%D9%86%DA%A9-%D8%B8%D8%B1%D9%81%D8%B4%D9%88%DB%8C%DB%8C-%D8%AA%D9%88%DA%A9%D8%A7%D8%B1-%D8%A7%D8%AE%D9%88%D8%A7%D9%86-%D9%85%D8%AF%D9%84-Akhavan-Double-Bowl-Sink-15,200,20888,"Mozilla/5.0 (Linux; Android 6.0.1; Nexus 5X Build/MMB29P) AppleWebKit/537.36 (KHTML, like Gecko) Chrome/41.0.2272.96 Mobile Safari/537.36 (compatible; Googlebot/2.1; +http://www.google.com/bot.html)",No
187,91.99.72.15,22/Jan/2019:03:56:55,GET,/product/26350/53953/%D9%BE%DB%8C%D8%A7%D9%86%D9%88-%D8%A2%DA%A9%D9%88%D8%B3%D8%AA%DB%8C%DA%A9-%D8%AF%DB%8C%D9%88%D8%A7%D8%B1%DB%8C-YAMAHA-%D9%85%D8%AF%D9%84-JU109,200,40797,"Mozilla/5.0 (Windows NT 6.1; WOW64) AppleWebKit/535.7(KHTML, like Gecko) Chrome/16.0.912.36 Safari/535.7",No
188,5.209.200.218,22/Jan/2019:03:56:55,GET,/static/images/guarantees/goodShopping.png,200,6496,"Mozilla/5.0 (Linux; Android 5.1.1; SM-G361H Build/LMY48B) AppleWebKit/537.36 (KHTML, like Gecko) Chrome/55.0.2883.91 Mobile Safari/537.36",Yes
189,5.209.200.218,22/Jan/2019:03:56:55,GET,/static/images/guarantees/warranty.png,200,5807,"Mozilla/5.0 (Linux; Android 5.1.1; SM-G361H Build/LMY48B) AppleWebKit/537.36 (KHTML, like Gecko) Chrome/55.0.2883.91 Mobile Safari/537.36",Yes
190,5.209.200.218,22/Jan/2019:03:56:55,GET,/static/images/guarantees/bestPrice.png,200,7356,"Mozilla/5.0 (Linux; Android 5.1.1; SM-G361H Build/LMY48B) AppleWebKit/537.36 (KHTML, like Gecko) Chrome/55.0.2883.91 Mobile Safari/537.36",Yes
191,54.36.149.63,22/Jan/2019:03:56:55,GET,"/filter/b41,b632,p47,stexists,t445",200,33613,Mozilla/5.0 (compatible; AhrefsBot/6.1; +http://ahrefs.com/robot/),No
192,5.209.200.218,22/Jan/2019:03:56:55,GET,/static/images/guarantees/support.png,200,6454,"Mozilla/5.0 (Linux; Android 5.1.1; SM-G361H Build/LMY48B) AppleWebKit/537.36 (KHTML, like Gecko) Chrome/55.0.2883.91 Mobile Safari/537.36",Yes
193,5.209.200.218,22/Jan/2019:03:56:55,GET,/static/images/guarantees/fastDelivery.png,200,7713,"Mozilla/5.0 (Linux; Android 5.1.1; SM-G361H Build/LMY48B) AppleWebKit/537.36 (KHTML, like Gecko) Chrome/55.0.2883.91 Mobile Safari/537.36",Yes
194,5.209.200.218,22/Jan/2019:03:56:55,GET,/static/css/font/wyekan/font.woff,200,28536,"Mozilla/5.0 (Linux; Android 5.1.1; SM-G361H Build/LMY48B) AppleWebKit/537.36 (KHTML, like Gecko) Chrome/55.0.2883.91 Mobile Safari/537.36",Yes
195,66.249.66.194,22/Jan/2019:03:56:56,GET,/m/filter/1634%7C1,200,18295,"Mozilla/5.0 (Linux; Android 6.0.1; Nexus 5X Build/MMB29P) AppleWebKit/537.36 (KHTML, like Gecko) Chrome/41.0.2272.96 Mobile Safari/537.36 (compatible; Googlebot/2.1; +http://www.google.com/bot.html)",No
196,31.56.96.51,22/Jan/2019:03:56:56,GET,/m/filter/b113?page=1,200,21243,"Mozilla/5.0 (Linux; Android 6.0; ALE-L21 Build/HuaweiALE-L21) AppleWebKit/537.36 (KHTML, like Gecko) Chrome/66.0.3359.158 Mobile Safari/537.36",Yes
197,5.211.97.39,22/Jan/2019:03:56:56,GET,/m/browse/meat-grinder/%DA%86%D8%B1%D8%AE-%DA%AF%D9%88%D8%B4%D8%AA,200,19543,"Mozilla/5.0 (iPhone; CPU iPhone OS 10_3_2 like Mac OS X) AppleWebKit/603.2.4 (KHTML, like Gecko) Version/10.0 Mobile/14F89 Safari/602.1",Yes
198,5.211.97.39,22/Jan/2019:03:56:56,GET,/settings/logo,200,4120,"Mozilla/5.0 (iPhone; CPU iPhone OS 10_3_2 like Mac OS X) AppleWebKit/603.2.4 (KHTML, like Gecko) Version/10.0 Mobile/14F89 Safari/602.1",Yes
199,66.249.66.91,22/Jan/2019:03:56:56,GET,/image/60661/productModel/100x100,200,2468,Googlebot-Image/1.0,No
200,5.211.97.39,22/Jan/2019:03:56:56,GET,/image/4574/productModel/200x200,200,3577,"Mozilla/5.0 (iPhone; CPU iPhone OS 10_3_2 like Mac OS X) AppleWebKit/603.2.4 (KHTML, like Gecko) Version/10.0 Mobile/14F89 Safari/602.1",Yes
201,5.211.97.39,22/Jan/2019:03:56:57,HEAD,/amp_preconnect_polyfill_404_or_other_error_expected._Do_not_worry_about_it?1548117000000,404,0,"Mozilla/5.0 (iPhone; CPU iPhone OS 10_3_2 like Mac OS X) AppleWebKit/603.2.4 (KHTML, like Gecko) Version/10.0 Mobile/14F89 Safari/602.1",Yes
202,5.211.97.39,22/Jan/2019:03:56:57,GET,/image/63875/productModel/200x200,200,4014,"Mozilla/5.0 (iPhone; CPU iPhone OS 10_3_2 like Mac OS X) AppleWebKit/603.2.4 (KHTML, like Gecko) Version/10.0 Mobile/14F89 Safari/602.1",Yes
203,5.211.97.39,22/Jan/2019:03:56:57,GET,/image/62383/productModel/200x200,200,5617,"Mozilla/5.0 (iPhone; CPU iPhone OS 10_3_2 like Mac OS X) AppleWebKit/603.2.4 (KHTML, like Gecko) Version/10.0 Mobile/14F89 Safari/602.1",Yes
204,5.211.97.39,22/Jan/2019:03:56:57,GET,/image/30331/productModel/200x200,200,4845,"Mozilla/5.0 (iPhone; CPU iPhone OS 10_3_2 like Mac OS X) AppleWebKit/603.2.4 (KHTML, like Gecko) Version/10.0 Mobile/14F89 Safari/602.1",Yes
205,207.46.13.136,22/Jan/2019:03:56:57,GET,"/filter/b1,b103,b105,b109,b124,b148,b194,b231,b424,b5,b572",200,38222,Mozilla/5.0 (compatible; bingbot/2.0; +http://www.bing.com/bingbot.htm),No
206,5.211.97.39,22/Jan/2019:03:56:57,GET,/image/61048/productModel/200x200,200,6934,"Mozilla/5.0 (iPhone; CPU iPhone OS 10_3_2 like Mac OS X) AppleWebKit/603.2.4 (KHTML, like Gecko) Version/10.0 Mobile/14F89 Safari/602.1",Yes
207,5.211.97.39,22/Jan/2019:03:56:57,GET,/image/59734/productModel/200x200,200,5602,"Mozilla/5.0 (iPhone; CPU iPhone OS 10_3_2 like Mac OS X) AppleWebKit/603.2.4 (KHTML, like Gecko) Version/10.0 Mobile/14F89 Safari/602.1",Yes
208,5.211.97.39,22/Jan/2019:03:56:57,GET,/image/11667/productModel/200x200,200,4124,"Mozilla/5.0 (iPhone; CPU iPhone OS 10_3_2 like Mac OS X) AppleWebKit/603.2.4 (KHTML, like Gecko) Version/10.0 Mobile/14F89 Safari/602.1",Yes
209,5.211.97.39,22/Jan/2019:03:56:57,GET,/image/2145/productModel/200x200,200,6185,"Mozilla/5.0 (iPhone; CPU iPhone OS 10_3_2 like Mac OS X) AppleWebKit/603.2.4 (KHTML, like Gecko) Version/10.0 Mobile/14F89 Safari/602.1",Yes
210,5.211.97.39,22/Jan/2019:03:56:57,GET,/image/890/mainSlideMobile,200,92209,"Mozilla/5.0 (iPhone; CPU iPhone OS 10_3_2 like Mac OS X) AppleWebKit/603.2.4 (KHTML, like Gecko) Version/10.0 Mobile/14F89 Safari/602.1",Yes
211,66.249.66.91,22/Jan/2019:03:56:57,GET,/filter/b481%2Cb43%2Cb32%2Cb36%2Cb41%2Cb570%2Cb648%2Cb103%2Cb723%2Cb724%2Cb679%2Cb5%2Cb135%2Cb497%2Cb435%2Cb647%2Cb854%2Cb485%2Cb441%2Cb878%2Cb82%2Cb546%2Cb168%2Cb151%2Cb186%2Cb19%2Cb219%2Cb218%2Cb212%2Cb185%2Cb778%2Cb482%2Cb99%2Cb202%2Cb542%2Cb126%2Cb734%2Cb614%2Cb321%2Cb35%2Cb113%2Cb95%2Cb198%2Cb42%2Cb877%2Cb180%2Cb261%2Cp11893?page=13,200,33876,Mozilla/5.0 (compatible; Googlebot/2.1; +http://www.google.com/bot.html),No
212,66.249.66.194,22/Jan/2019:03:56:57,GET,/m/product/20821/44932/%D8%AF%D8%B3%D8%AA%DA%AF%D8%A7%D9%87-%D8%A8%D8%AE%D9%88%D8%B1-%D8%B2%DB%8C%DA%A9%D9%84%D8%A7%D8%B3-%D9%85%D8%AF-%D9%85%D8%AF%D9%84-%D8%A8%D8%AE%D9%88%D8%B1-%D8%B3%D8%B1%D8%AF-ZYK-C01,200,20096,"Mozilla/5.0 (Linux; Android 6.0.1; Nexus 5X Build/MMB29P) AppleWebKit/537.36 (KHTML, like Gecko) Chrome/41.0.2272.96 Mobile Safari/537.36 (compatible; Googlebot/2.1; +http://www.google.com/bot.html)",No
213,173.249.54.67,22/Jan/2019:03:56:57,GET,/image/34187?name=m12a-1.jpg&wh=200x200,200,5603,Dalvik/2.1.0 (Linux; U; Android 8.0.0; PRA-LA1 Build/HONORPRA-LA1),No
214,17.58.102.43,22/Jan/2019:03:56:57,GET,/filter/b211%2Cb502%2Cb229%2Cb99%2Cb507%2Cb122%2Cb109%2Cb46%2Cb176%2Cb219%2Cb577%2Cb261%2Cb1?page=3,200,38542,"Mozilla/5.0 (Macintosh; Intel Mac OS X 10_10_1) AppleWebKit/600.2.5 (KHTML, like Gecko) Version/8.0.2 Safari/600.2.5 (Applebot/0.1; +http://www.apple.com/go/applebot)",No
215,157.55.39.245,22/Jan/2019:03:56:57,GET,/product/32428/62788/%D9%84%D9%BE-%D8%AA%D8%A7%D9%BE-%D8%A7%DB%8C%D8%B3%D9%88%D8%B3-%D9%85%D8%AF%D9%84-Asus-X541UV,200,44052,Mozilla/5.0 (compatible; bingbot/2.0; +http://www.bing.com/bingbot.htm),No
216,66.249.66.194,22/Jan/2019:03:56:57,GET,"/m/filter/b105,b113,b118,b126,b135,b136,b147,b152,b168,b188,b192,b194,b209,b213,b215,b216,b217,b218,b221,b226,b249,b258,b32,b35,b4,b400,b41,b442,b454,b482,b523,b542,b548,b574,b597,b598,b6,b645,b648,b656,b67,b679,b703,b723,b724,b74,b820,b854,b88,b880,b95,b99,stexists",200,26770,"Mozilla/5.0 (Linux; Android 6.0.1; Nexus 5X Build/MMB29P) AppleWebKit/537.36 (KHTML, like Gecko) Chrome/41.0.2272.96 Mobile Safari/537.36 (compatible; Googlebot/2.1; +http://www.google.com/bot.html)",No
217,5.209.200.218,22/Jan/2019:03:56:58,GET,/image/62395/productModel/200x200,200,2661,"Mozilla/5.0 (Linux; Android 5.1.1; SM-G361H Build/LMY48B) AppleWebKit/537.36 (KHTML, like Gecko) Chrome/55.0.2883.91 Mobile Safari/537.36",Yes
218,5.209.200.218,22/Jan/2019:03:56:58,GET,/settings/logo,200,4120,"Mozilla/5.0 (Linux; Android 5.1.1; SM-G361H Build/LMY48B) AppleWebKit/537.36 (KHTML, like Gecko) Chrome/55.0.2883.91 Mobile Safari/537.36",Yes
219,54.36.148.10,22/Jan/2019:03:56:58,GET,"/filter/p42,stexists,t51,v1|%D9%85%D8%B4%DA%A9%DB%8C%20%D8%B3%D9%81%DB%8C%D8%AF",200,32189,Mozilla/5.0 (compatible; AhrefsBot/6.1; +http://ahrefs.com/robot/),No
220,5.211.97.39,22/Jan/2019:03:56:58,GET,/image/62384/productModel/200x200,200,4418,"Mozilla/5.0 (iPhone; CPU iPhone OS 10_3_2 like Mac OS X) AppleWebKit/603.2.4 (KHTML, like Gecko) Version/10.0 Mobile/14F89 Safari/602.1",Yes
221,204.18.198.248,22/Jan/2019:03:56:58,GET,"/m/filter?f=p12,b185",200,18259,"Mozilla/5.0 (iPhone; CPU iPhone OS 12_1 like Mac OS X) AppleWebKit/605.1.15 (KHTML, like Gecko) Version/12.0 Mobile/15E148 Safari/604.1",Yes
222,5.211.97.39,22/Jan/2019:03:56:58,GET,/image/52306/productModel/200x200,200,5080,"Mozilla/5.0 (iPhone; CPU iPhone OS 10_3_2 like Mac OS X) AppleWebKit/603.2.4 (KHTML, like Gecko) Version/10.0 Mobile/14F89 Safari/602.1",Yes
223,5.209.200.218,22/Jan/2019:03:56:58,GET,/amp-helper-frame.html?appId=a624a1c1-0c93-466a-a546-e146710f97e6&parentOrigin=https://www.zanbil.ir,200,133,"Mozilla/5.0 (Linux; Android 5.1.1; SM-G361H Build/LMY48B) AppleWebKit/537.36 (KHTML, like Gecko) Chrome/55.0.2883.91 Mobile Safari/537.36",Yes
224,5.211.97.39,22/Jan/2019:03:56:58,GET,/image/2106/productModel/200x200,200,5930,"Mozilla/5.0 (iPhone; CPU iPhone OS 10_3_2 like Mac OS X) AppleWebKit/603.2.4 (KHTML, like Gecko) Version/10.0 Mobile/14F89 Safari/602.1",Yes
225,5.211.97.39,22/Jan/2019:03:56:58,GET,/image/2102/productModel/200x200,200,5007,"Mozilla/5.0 (iPhone; CPU iPhone OS 10_3_2 like Mac OS X) AppleWebKit/603.2.4 (KHTML, like Gecko) Version/10.0 Mobile/14F89 Safari/602.1",Yes
226,204.18.198.248,22/Jan/2019:03:56:58,GET,/settings/logo,200,4120,"Mozilla/5.0 (iPhone; CPU iPhone OS 12_1 like Mac OS X) AppleWebKit/605.1.15 (KHTML, like Gecko) Version/12.0 Mobile/15E148 Safari/604.1",Yes
227,204.18.198.248,22/Jan/2019:03:56:59,GET,/image/63531/productModel/200x200,200,6531,"Mozilla/5.0 (iPhone; CPU iPhone OS 12_1 like Mac OS X) AppleWebKit/605.1.15 (KHTML, like Gecko) Version/12.0 Mobile/15E148 Safari/604.1",Yes
228,5.209.200.218,22/Jan/2019:03:56:59,GET,/image/788/mainSlideMobile,200,60795,"Mozilla/5.0 (Linux; Android 5.1.1; SM-G361H Build/LMY48B) AppleWebKit/537.36 (KHTML, like Gecko) Chrome/55.0.2883.91 Mobile Safari/537.36",Yes
229,5.209.200.218,22/Jan/2019:03:56:59,GET,/image/99/brand,200,2136,"Mozilla/5.0 (Linux; Android 5.1.1; SM-G361H Build/LMY48B) AppleWebKit/537.36 (KHTML, like Gecko) Chrome/55.0.2883.91 Mobile Safari/537.36",Yes
230,5.209.200.218,22/Jan/2019:03:56:59,GET,/image/125/brand,200,2239,"Mozilla/5.0 (Linux; Android 5.1.1; SM-G361H Build/LMY48B) AppleWebKit/537.36 (KHTML, like Gecko) Chrome/55.0.2883.91 Mobile Safari/537.36",Yes
231,5.209.200.218,22/Jan/2019:03:56:59,GET,/image/180/brand,200,2566,"Mozilla/5.0 (Linux; Android 5.1.1; SM-G361H Build/LMY48B) AppleWebKit/537.36 (KHTML, like Gecko) Chrome/55.0.2883.91 Mobile Safari/537.36",Yes
232,5.209.200.218,22/Jan/2019:03:56:59,GET,/image/338/productTypeType,200,11,"Mozilla/5.0 (Linux; Android 5.1.1; SM-G361H Build/LMY48B) AppleWebKit/537.36 (KHTML, like Gecko) Chrome/55.0.2883.91 Mobile Safari/537.36",Yes
233,5.209.200.218,22/Jan/2019:03:56:59,GET,/image/116/productTypeType,200,11056,"Mozilla/5.0 (Linux; Android 5.1.1; SM-G361H Build/LMY48B) AppleWebKit/537.36 (KHTML, like Gecko) Chrome/55.0.2883.91 Mobile Safari/537.36",Yes
234,204.18.198.248,22/Jan/2019:03:56:59,GET,/image/60550/productModel/200x200,200,5447,"Mozilla/5.0 (iPhone; CPU iPhone OS 12_1 like Mac OS X) AppleWebKit/605.1.15 (KHTML, like Gecko) Version/12.0 Mobile/15E148 Safari/604.1",Yes
235,31.56.96.51,22/Jan/2019:03:56:59,GET,/settings/logo,200,4120,"Mozilla/5.0 (Linux; Android 6.0; ALE-L21 Build/HuaweiALE-L21) AppleWebKit/537.36 (KHTML, like Gecko) Chrome/66.0.3359.158 Mobile Safari/537.36",Yes
236,31.56.96.51,22/Jan/2019:03:56:59,GET,/image/60835/productModel/200x200,200,8171,"Mozilla/5.0 (Linux; Android 6.0; ALE-L21 Build/HuaweiALE-L21) AppleWebKit/537.36 (KHTML, like Gecko) Chrome/66.0.3359.158 Mobile Safari/537.36",Yes
237,31.56.96.51,22/Jan/2019:03:56:59,GET,/image/62254/productModel/200x200,200,4198,"Mozilla/5.0 (Linux; Android 6.0; ALE-L21 Build/HuaweiALE-L21) AppleWebKit/537.36 (KHTML, like Gecko) Chrome/66.0.3359.158 Mobile Safari/537.36",Yes
238,31.56.96.51,22/Jan/2019:03:56:59,GET,/image/60862/productModel/200x200,200,4228,"Mozilla/5.0 (Linux; Android 6.0; ALE-L21 Build/HuaweiALE-L21) AppleWebKit/537.36 (KHTML, like Gecko) Chrome/66.0.3359.158 Mobile Safari/537.36",Yes
239,31.56.96.51,22/Jan/2019:03:56:59,GET,/image/60814/productModel/200x200,200,5865,"Mozilla/5.0 (Linux; Android 6.0; ALE-L21 Build/HuaweiALE-L21) AppleWebKit/537.36 (KHTML, like Gecko) Chrome/66.0.3359.158 Mobile Safari/537.36",Yes
240,5.209.200.218,22/Jan/2019:03:56:59,GET,/favicon.ico,200,0,"Mozilla/5.0 (Linux; Android 5.1.1; SM-G361H Build/LMY48B) AppleWebKit/537.36 (KHTML, like Gecko) Chrome/55.0.2883.91 Mobile Safari/537.36",Yes
241,66.249.64.66,22/Jan/2019:03:56:59,GET,/m/browse/washing-machine/%D9%85%D8%A7%D8%B4%DB%8C%D9%86-%D9%84%D8%A8%D8%A7%D8%B3%D8%B4%D9%88%DB%8C%DB%8C,200,20199,"Mozilla/5.0 (Linux; Android 6.0.1; Nexus 5X Build/MMB29P) AppleWebKit/537.36 (KHTML, like Gecko) Chrome/41.0.2272.96 Mobile Safari/537.36 (compatible; Googlebot/2.1; +http://www.google.com/bot.html)",No
242,207.46.13.136,22/Jan/2019:03:57:00,GET,/filter/b1%2Cb174%2Cb36%2Cb402%2Cb614?page=4,200,37958,Mozilla/5.0 (compatible; bingbot/2.0; +http://www.bing.com/bingbot.htm),No
243,5.78.180.75,22/Jan/2019:03:57:00,GET,/image/31041?name=samsung-galaxy-s8-8.jpg&wh=200x200,200,4262,Dalvik/2.1.0 (Linux; U; Android 5.0.2; LG-D405 Build/LRX22G.A1455269631),No
244,31.56.96.51,22/Jan/2019:03:57:00,GET,/image/61306/productModel/200x200,200,4959,"Mozilla/5.0 (Linux; Android 6.0; ALE-L21 Build/HuaweiALE-L21) AppleWebKit/537.36 (KHTML, like Gecko) Chrome/66.0.3359.158 Mobile Safari/537.36",Yes
245,31.56.96.51,22/Jan/2019:03:57:00,GET,/image/60841/productModel/200x200,200,6249,"Mozilla/5.0 (Linux; Android 6.0; ALE-L21 Build/HuaweiALE-L21) AppleWebKit/537.36 (KHTML, like Gecko) Chrome/66.0.3359.158 Mobile Safari/537.36",Yes
246,5.209.200.218,22/Jan/2019:03:57:00,GET,/image/36/brand,200,2946,"Mozilla/5.0 (Linux; Android 5.1.1; SM-G361H Build/LMY48B) AppleWebKit/537.36 (KHTML, like Gecko) Chrome/55.0.2883.91 Mobile Safari/537.36",Yes
247,66.249.66.194,22/Jan/2019:03:57:01,GET,/m/product/8097/%D8%AC%D8%A7%D8%B1%D9%88%D8%A8%D8%B1%D9%82%DB%8C-%D8%A8%D8%AF%D9%88%D9%86-%D9%BE%D8%A7%DA%A9%D8%AA-%D8%A7%D9%84-%D8%AC%DB%8C-%D9%85%D8%AF%D9%84-LG-Vacuum-Cleaner-VB-7520H,200,20756,"Mozilla/5.0 (Linux; Android 6.0.1; Nexus 5X Build/MMB29P) AppleWebKit/537.36 (KHTML, like Gecko) Chrome/41.0.2272.96 Mobile Safari/537.36 (compatible; Googlebot/2.1; +http://www.google.com/bot.html)",No
248,207.46.13.104,22/Jan/2019:03:57:02,GET,"/filter/b1,b103,b105,b109,b111,b113,b135,b144,b176,b186,b221,b261,b291,b43,b481,b52,b597,b598,b614,b615,b77,b83",200,39189,Mozilla/5.0 (compatible; bingbot/2.0; +http://www.bing.com/bingbot.htm),No
249,66.111.54.249,22/Jan/2019:03:57:02,GET,/static/images/amp/instagram.png,200,7146,"Mozilla/5.0 (Linux; Android 5.0; SM-G900H Build/LRX21T) AppleWebKit/537.36 (KHTML, like Gecko) Chrome/39.0.2171.93 Mobile Safari/537.36",Yes
250,66.111.54.249,22/Jan/2019:03:57:02,GET,/static/images/amp/telegram.png,200,4859,"Mozilla/5.0 (Linux; Android 5.0; SM-G900H Build/LRX21T) AppleWebKit/537.36 (KHTML, like Gecko) Chrome/39.0.2171.93 Mobile Safari/537.36",Yes
251,31.56.96.51,22/Jan/2019:03:57:02,GET,/image/61496/productModel/200x200,200,6461,"Mozilla/5.0 (Linux; Android 6.0; ALE-L21 Build/HuaweiALE-L21) AppleWebKit/537.36 (KHTML, like Gecko) Chrome/66.0.3359.158 Mobile Safari/537.36",Yes
252,31.56.96.51,22/Jan/2019:03:57:02,GET,/image/61483/productModel/200x200,200,5092,"Mozilla/5.0 (Linux; Android 6.0; ALE-L21 Build/HuaweiALE-L21) AppleWebKit/537.36 (KHTML, like Gecko) Chrome/66.0.3359.158 Mobile Safari/537.36",Yes
253,66.111.54.249,22/Jan/2019:03:57:02,GET,/static/images/amp/blog.png,200,3863,"Mozilla/5.0 (Linux; Android 5.0; SM-G900H Build/LRX21T) AppleWebKit/537.36 (KHTML, like Gecko) Chrome/39.0.2171.93 Mobile Safari/537.36",Yes
254,31.56.96.51,22/Jan/2019:03:57:02,GET,/image/60850/productModel/200x200,200,5317,"Mozilla/5.0 (Linux; Android 6.0; ALE-L21 Build/HuaweiALE-L21) AppleWebKit/537.36 (KHTML, like Gecko) Chrome/66.0.3359.158 Mobile Safari/537.36",Yes
255,31.56.96.51,22/Jan/2019:03:57:02,GET,/image/61310/productModel/200x200,200,5139,"Mozilla/5.0 (Linux; Android 6.0; ALE-L21 Build/HuaweiALE-L21) AppleWebKit/537.36 (KHTML, like Gecko) Chrome/66.0.3359.158 Mobile Safari/537.36",Yes
256,66.111.54.249,22/Jan/2019:03:57:02,GET,/static/images/amp/third-party/footer-mobile.png,200,62894,"Mozilla/5.0 (Linux; Android 5.0; SM-G900H Build/LRX21T) AppleWebKit/537.36 (KHTML, like Gecko) Chrome/39.0.2171.93 Mobile Safari/537.36",Yes
257,66.249.66.91,22/Jan/2019:03:57:02,GET,/image/4860?name=156156.jpg&wh=200x200,200,5799,Googlebot-Image/1.0,No
258,66.249.66.91,22/Jan/2019:03:57:02,GET,/filter/b481%2Cb874%2Cb36%2Cb226%2Cb570%2Cb180%2Cb615%2Cb185%2Cb880%2Cb878%2Cb270%2Cb903%2Cb883%2Cb99%2Cb261%2Cb152%2Cb249%2Cb701%2Cb723%2Cb42%2Cb183%2Cb88%2Cb219%2Cb202%2Cb308%2Cb103%2Cb1%2Cb2%2Cb126%2Cb523%2Cb904%2Cb192%2Cb703%2Cb890%2Cb105%2Cb231%2Cb258%2Cb209%2Cb50%2Cb186%2Cb221%2Cb482%2Cb41%2Cb238%2Cb19%2Cb435%2Cb648%2Cb724%2Cb74%2Cb8%2Cb614%2Cb619%2Cb113%2Cb734%2Cb168%2Cb63%2Cb546%2Cb603%2Cb151?page=204,200,41047,Mozilla/5.0 (compatible; Googlebot/2.1; +http://www.google.com/bot.html),No
259,5.211.97.39,22/Jan/2019:03:57:02,GET,/m/filter/p25%2Cb103,200,19100,"Mozilla/5.0 (iPhone; CPU iPhone OS 10_3_2 like Mac OS X) AppleWebKit/603.2.4 (KHTML, like Gecko) Version/10.0 Mobile/14F89 Safari/602.1",Yes
260,5.211.97.39,22/Jan/2019:03:57:03,GET,/settings/logo,200,4120,"Mozilla/5.0 (iPhone; CPU iPhone OS 10_3_2 like Mac OS X) AppleWebKit/603.2.4 (KHTML, like Gecko) Version/10.0 Mobile/14F89 Safari/602.1",Yes
261,5.211.97.39,22/Jan/2019:03:57:03,HEAD,/amp_preconnect_polyfill_404_or_other_error_expected._Do_not_worry_about_it?1548117000000,404,0,"Mozilla/5.0 (iPhone; CPU iPhone OS 10_3_2 like Mac OS X) AppleWebKit/603.2.4 (KHTML, like Gecko) Version/10.0 Mobile/14F89 Safari/602.1",Yes
262,5.211.97.39,22/Jan/2019:03:57:03,GET,/image/4576/productModel/200x200,200,4937,"Mozilla/5.0 (iPhone; CPU iPhone OS 10_3_2 like Mac OS X) AppleWebKit/603.2.4 (KHTML, like Gecko) Version/10.0 Mobile/14F89 Safari/602.1",Yes
263,5.211.97.39,22/Jan/2019:03:57:03,GET,/image/2080/productModel/200x200,200,5104,"Mozilla/5.0 (iPhone; CPU iPhone OS 10_3_2 like Mac OS X) AppleWebKit/603.2.4 (KHTML, like Gecko) Version/10.0 Mobile/14F89 Safari/602.1",Yes
264,5.211.97.39,22/Jan/2019:03:57:03,GET,/image/30254/productModel/200x200,200,4902,"Mozilla/5.0 (iPhone; CPU iPhone OS 10_3_2 like Mac OS X) AppleWebKit/603.2.4 (KHTML, like Gecko) Version/10.0 Mobile/14F89 Safari/602.1",Yes
265,5.211.97.39,22/Jan/2019:03:57:03,GET,/image/2079/productModel/200x200,200,5548,"Mozilla/5.0 (iPhone; CPU iPhone OS 10_3_2 like Mac OS X) AppleWebKit/603.2.4 (KHTML, like Gecko) Version/10.0 Mobile/14F89 Safari/602.1",Yes
266,31.56.96.51,22/Jan/2019:03:57:04,GET,/image/60858/productModel/200x200,200,6582,"Mozilla/5.0 (Linux; Android 6.0; ALE-L21 Build/HuaweiALE-L21) AppleWebKit/537.36 (KHTML, like Gecko) Chrome/66.0.3359.158 Mobile Safari/537.36",Yes
267,31.56.96.51,22/Jan/2019:03:57:04,GET,/image/60853/productModel/200x200,200,6187,"Mozilla/5.0 (Linux; Android 6.0; ALE-L21 Build/HuaweiALE-L21) AppleWebKit/537.36 (KHTML, like Gecko) Chrome/66.0.3359.158 Mobile Safari/537.36",Yes
268,66.249.66.91,22/Jan/2019:03:57:04,GET,/filter/b249%2Cb482%2Cb615%2Cb80%2Cb598%2Cb221%2Cb74%2Cb880%2Cb41%2Cb113%2Cb454%2Cb43%2Cb484%2Cb442%2Cb574%2Cb874%2Cb648%2Cb820%2Cstexists%2Cb192%2Cb400%2Cb188%2Cb8%2Cb82%2Cb183%2Cb900%2Cb19%2Cb795%2Cb543%2Cb523%2Cb5?page=31,200,40303,Mozilla/5.0 (compatible; Googlebot/2.1; +http://www.google.com/bot.html),No
269,66.249.66.194,22/Jan/2019:03:57:05,GET,"/m/filter/b105,b126,b136,b143,b148,b151,b152,b168,b183,b185,b188,b194,b198,b2,b20,b202,b209,b219,b22,b221,b226,b236,b238,b249,b270,b3,b308,b35,b4,b400,b41,b42,b43,b441,b454,b481,b484,b485,b497,b542,b546,b568,b570,b596,b598,b6,b645,b647,b648,b651,b701,b723,b74,b80,b82,b820,b854,b874,b877,b88,b883,b890,b900,b903,b95,b99",200,27557,"Mozilla/5.0 (Linux; Android 6.0.1; Nexus 5X Build/MMB29P) AppleWebKit/537.36 (KHTML, like Gecko) Chrome/41.0.2272.96 Mobile Safari/537.36 (compatible; Googlebot/2.1; +http://www.google.com/bot.html)",No
270,5.211.97.39,22/Jan/2019:03:57:05,GET,/image/4577/productModel/200x200,200,5382,"Mozilla/5.0 (iPhone; CPU iPhone OS 10_3_2 like Mac OS X) AppleWebKit/603.2.4 (KHTML, like Gecko) Version/10.0 Mobile/14F89 Safari/602.1",Yes
271,5.211.97.39,22/Jan/2019:03:57:05,GET,/image/16937/productModel/200x200,200,5935,"Mozilla/5.0 (iPhone; CPU iPhone OS 10_3_2 like Mac OS X) AppleWebKit/603.2.4 (KHTML, like Gecko) Version/10.0 Mobile/14F89 Safari/602.1",Yes
272,207.46.13.136,22/Jan/2019:03:57:05,GET,/filter/b1%2Cb103%2Cb105%2Cb109%2Cb111%2Cb186%2Cb144%2Cb52%2Cb77%2Cb344%2Cb486%2Cb191%2Cb8%2Cb43%2Cb321%2Cb618%2Cb221%2Cb673%2Cb454,200,39119,Mozilla/5.0 (compatible; bingbot/2.0; +http://www.bing.com/bingbot.htm),No
273,54.36.148.117,22/Jan/2019:03:57:05,GET,"/filter/b153,b180,b612,p8",200,34976,Mozilla/5.0 (compatible; AhrefsBot/6.1; +http://ahrefs.com/robot/),No
274,5.211.97.39,22/Jan/2019:03:57:05,GET,/image/2078/productModel/200x200,200,5360,"Mozilla/5.0 (iPhone; CPU iPhone OS 10_3_2 like Mac OS X) AppleWebKit/603.2.4 (KHTML, like Gecko) Version/10.0 Mobile/14F89 Safari/602.1",Yes
275,5.211.97.39,22/Jan/2019:03:57:05,GET,/image/4575/productModel/200x200,200,4324,"Mozilla/5.0 (iPhone; CPU iPhone OS 10_3_2 like Mac OS X) AppleWebKit/603.2.4 (KHTML, like Gecko) Version/10.0 Mobile/14F89 Safari/602.1",Yes
276,5.211.97.39,22/Jan/2019:03:57:06,GET,/image/215/brand,200,2353,"Mozilla/5.0 (iPhone; CPU iPhone OS 10_3_2 like Mac OS X) AppleWebKit/603.2.4 (KHTML, like Gecko) Version/10.0 Mobile/14F89 Safari/602.1",Yes
277,66.249.66.91,22/Jan/2019:03:57:06,GET,/filter/b481%2Cb874%2Cb32%2Cb67%2Cb36%2Cb226%2Cb41%2Cb136%2Cb570%2Cb598%2Cb180%2Cb615%2Cb168%2Cb648%2Cb103%2Cb80%2Cb213%2Cb597%2Cb724%2Cb613%2Cb135%2Cb877%2Cb183%2Cb497%2Cb435%2Cb194%2Cb861%2Cb256%2Cb854%2Cb198%2Cb647%2Cb679%2Cb88%2Cb441%2Cb6%2Cb221%2Cb645%2Cb219%2Cb50%2Cb151%2Cb192%2Cstexists?page=11,200,40682,Mozilla/5.0 (compatible; Googlebot/2.1; +http://www.google.com/bot.html),No
278,91.99.72.15,22/Jan/2019:03:57:06,GET,/product/6021/6638/%D9%81%D8%B4%D8%A7%D8%B1%D8%B3%D9%86%D8%AC-%D8%A8%D8%A7%D8%B2%D9%88%DB%8C%DB%8C-%D8%A7%DB%8C%D8%B2%DB%8C-%D9%84%D8%A7%DB%8C%D9%81-%D9%85%D8%AF%D9%84-HS-2000,200,41346,"Mozilla/5.0 (Windows NT 6.1; WOW64) AppleWebKit/535.7(KHTML, like Gecko) Chrome/16.0.912.36 Safari/535.7",No
279,66.249.66.194,22/Jan/2019:03:57:06,GET,/filter/b218%2Cp5666%2Cstexists,200,32900,Mozilla/5.0 (compatible; Googlebot/2.1; +http://www.google.com/bot.html),No
280,207.46.13.104,22/Jan/2019:03:57:06,GET,/filter/b1%2Cb130%2Cb134%2Cb136%2Cb238,200,37694,Mozilla/5.0 (compatible; bingbot/2.0; +http://www.bing.com/bingbot.htm),No
281,66.249.66.91,22/Jan/2019:03:57:07,GET,/filter/b481%2Cb226%2Cb570%2Cb80%2Cb270%2Cb903%2Cb883%2Cb152%2Cb249%2Cb20%2Cb701%2Cb723%2Cb42%2Cb198%2Cb35%2Cb183%2Cb219%2Cb308%2Cb126%2Cb523%2Cb900%2Cb188%2Cb703%2Cb890%2Cb236%2Cb74%2Cb400%2Cb209%2Cb19%2Cb454%2Cb651%2Cb202%2Cb4%2Cb22%2Cb238%2Cb6%2Cb596%2Cb143%2Cb877%2Cb485%2Cb221%2Cb194%2Cb136%2Cb647%2Cb497%2Cb546%2Cb105%2Cb185%2Cb568%2Cb151%2Cb88%2Cb43%2Cb597%2Cb103%2Cb613%2Cb880%2Cb212%2Cb861%2Cb148%2Cb135%2Cb186%2Cb778%2Cb113%2Cb99%2Cb584%2Cb724?page=184,200,41877,Mozilla/5.0 (compatible; Googlebot/2.1; +http://www.google.com/bot.html),No
282,5.209.200.218,22/Jan/2019:03:57:07,GET,/static/images/amp/instagram.png,200,7146,"Mozilla/5.0 (Linux; Android 5.1.1; SM-G361H Build/LMY48B) AppleWebKit/537.36 (KHTML, like Gecko) Chrome/55.0.2883.91 Mobile Safari/537.36",Yes
283,207.46.13.136,22/Jan/2019:03:57:07,GET,/filter/b181%2Cb567%2Cb8,200,37008,Mozilla/5.0 (compatible; bingbot/2.0; +http://www.bing.com/bingbot.htm),No
284,5.209.200.218,22/Jan/2019:03:57:07,GET,/static/images/amp/telegram.png,200,4859,"Mozilla/5.0 (Linux; Android 5.1.1; SM-G361H Build/LMY48B) AppleWebKit/537.36 (KHTML, like Gecko) Chrome/55.0.2883.91 Mobile Safari/537.36",Yes
285,5.209.200.218,22/Jan/2019:03:57:07,GET,/static/images/amp/blog.png,200,3863,"Mozilla/5.0 (Linux; Android 5.1.1; SM-G361H Build/LMY48B) AppleWebKit/537.36 (KHTML, like Gecko) Chrome/55.0.2883.91 Mobile Safari/537.36",Yes
286,104.194.24.33,22/Jan/2019:03:57:07,GET,/amp-helper-frame.html?appId=a624a1c1-0c93-466a-a546-e146710f97e6&parentOrigin=https://www-zanbil-ir.cdn.ampproject.org,200,133,"Mozilla/5.0 (Linux; Android 8.0.0; SM-G955F) AppleWebKit/537.36 (KHTML, like Gecko) Chrome/71.0.3578.99 Mobile Safari/537.36",Yes
287,5.211.97.39,22/Jan/2019:03:57:08,GET,/image/33/brand,200,2328,"Mozilla/5.0 (iPhone; CPU iPhone OS 10_3_2 like Mac OS X) AppleWebKit/603.2.4 (KHTML, like Gecko) Version/10.0 Mobile/14F89 Safari/602.1",Yes
288,91.99.72.15,22/Jan/2019:03:57:08,GET,/product/15448/29282/%D9%85%DB%8C%D8%B2-%D8%B9%D8%B3%D9%84%DB%8C-Persis-%D9%85%D8%AF%D9%84-TS101,200,41047,"Mozilla/5.0 (Windows NT 6.1; WOW64) AppleWebKit/535.7(KHTML, like Gecko) Chrome/16.0.912.36 Safari/535.7",No
289,66.249.66.194,22/Jan/2019:03:57:08,GET,/m/article/594/-%D9%87%D9%86%D8%B1-%D9%85%D8%AC%D8%B3%D9%85%D9%87-%D8%B3%D8%A7%D8%B2%DB%8C,200,23110,"Mozilla/5.0 (Linux; Android 6.0.1; Nexus 5X Build/MMB29P) AppleWebKit/537.36 (KHTML, like Gecko) Chrome/41.0.2272.96 Mobile Safari/537.36 (compatible; Googlebot/2.1; +http://www.google.com/bot.html)",No
290,54.36.148.232,22/Jan/2019:03:57:09,GET,/filter/b3%2Cp48%2Cb32,200,34688,Mozilla/5.0 (compatible; AhrefsBot/6.1; +http://ahrefs.com/robot/),No
291,91.99.72.15,22/Jan/2019:03:57:09,GET,/product/33396/64042/%D8%B3%D8%A7%D8%B9%D8%AA-%D9%85%DA%86%DB%8C-%D8%B9%D9%82%D8%B1%D8%A8%D9%87-%D8%A7%DB%8C-%D9%85%D8%B1%D8%AF%D8%A7%D9%86%D9%87-CASIO-%D9%85%D8%AF%D9%84-EFV-520BL-2AVUDF,200,43101,Mozilla/5.0 (Windows NT 6.2; Win64; x64; rv:16.0)Gecko/16.0 Firefox/16.0,No
292,66.249.66.194,22/Jan/2019:03:57:09,GET,"/filter/b2,p1",302,0,"Mozilla/5.0 (Linux; Android 6.0.1; Nexus 5X Build/MMB29P) AppleWebKit/537.36 (KHTML, like Gecko) Chrome/41.0.2272.96 Mobile Safari/537.36 (compatible; Googlebot/2.1; +http://www.google.com/bot.html)",No
293,46.224.77.32,22/Jan/2019:03:57:09,GET,/image/32593?name=kachiran-roz210%2B.jpg&wh=200x200,200,4484,Dalvik/1.6.0 (Linux; U; Android 4.2.2; HUAWEI G730-U10 Build/HuaweiG730-U10),No
294,91.99.72.15,22/Jan/2019:03:57:10,GET,/product/31856/62060/%D8%AA%D8%A8-%D8%B3%D9%86%D8%AC-Omron-%D9%85%D8%AF%D9%84-GentleTemp-720,200,41580,Mozilla/5.0 (Windows NT 6.2; Win64; x64; rv:16.0)Gecko/16.0 Firefox/16.0,No
295,204.18.198.248,22/Jan/2019:03:57:10,GET,/m/product/30782/60550/%DA%A9%D8%AA%D8%B1%DB%8C-%D8%A8%D8%B1%D9%82%DB%8C-%DA%AF%D8%A7%D8%B3%D8%AA%D8%B1%D9%88%D8%A8%DA%A9-%D9%85%D8%AF%D9%84-42420,200,20608,"Mozilla/5.0 (iPhone; CPU iPhone OS 12_1 like Mac OS X) AppleWebKit/605.1.15 (KHTML, like Gecko) Version/12.0 Mobile/15E148 Safari/604.1",Yes
296,204.18.198.248,22/Jan/2019:03:57:11,GET,/settings/logo,200,4120,"Mozilla/5.0 (iPhone; CPU iPhone OS 12_1 like Mac OS X) AppleWebKit/605.1.15 (KHTML, like Gecko) Version/12.0 Mobile/15E148 Safari/604.1",Yes
297,54.36.149.92,22/Jan/2019:03:57:11,GET,/filter/p5952%2Cv1%7C%D9%82%D8%B1%D9%85%D8%B2%2Cv1%7C%D9%86%D8%A7%D8%B1%D9%86%D8%AC%DB%8C,200,32006,Mozilla/5.0 (compatible; AhrefsBot/6.1; +http://ahrefs.com/robot/),No
298,66.249.66.194,22/Jan/2019:03:57:11,GET,"/m/filter/b20,b238,b3,b5,b543,b570,b601,b741,b890,p51,stexists",200,19511,"Mozilla/5.0 (Linux; Android 6.0.1; Nexus 5X Build/MMB29P) AppleWebKit/537.36 (KHTML, like Gecko) Chrome/41.0.2272.96 Mobile Safari/537.36 (compatible; Googlebot/2.1; +http://www.google.com/bot.html)",No
299,204.18.198.248,22/Jan/2019:03:57:11,GET,/image/30782?name=gastroback-21.jpg&wh=max,200,30822,"Mozilla/5.0 (iPhone; CPU iPhone OS 12_1 like Mac OS X) AppleWebKit/605.1.15 (KHTML, like Gecko) Version/12.0 Mobile/15E148 Safari/604.1",Yes
300,66.249.66.194,22/Jan/2019:03:57:11,GET,"/filter/b36,p3",200,35145,Mozilla/5.0 (compatible; Googlebot/2.1; +http://www.google.com/bot.html),No
301,66.249.66.91,22/Jan/2019:03:57:11,GET,/filter/b481%2Cb226%2Cb570%2Cb80%2Cb270%2Cb903%2Cb883%2Cb152%2Cb249%2Cb20%2Cb701%2Cb723%2Cb42%2Cb198%2Cb35%2Cb183%2Cb219%2Cb308%2Cb126%2Cb523%2Cb900%2Cb188%2Cb703%2Cb890%2Cb236%2Cb74%2Cb400%2Cb209%2Cb19%2Cb454%2Cb651%2Cb202%2Cb4%2Cb22%2Cb238%2Cb6%2Cb596%2Cb143%2Cb877%2Cb485%2Cb221%2Cb194%2Cb136%2Cb647%2Cb497%2Cb546%2Cb105%2Cb185%2Cb568%2Cb151%2Cb88%2Cb43%2Cb597%2Cb103%2Cb613%2Cb880%2Cb212%2Cb861%2Cb148%2Cb135%2Cb186%2Cb778%2Cb113%2Cb99%2Cb584%2Cb724?page=177,200,41875,Mozilla/5.0 (compatible; Googlebot/2.1; +http://www.google.com/bot.html),No
302,46.224.77.32,22/Jan/2019:03:57:11,GET,/image/3565?name=code+1129.jpg&wh=200x200,200,5002,Dalvik/1.6.0 (Linux; U; Android 4.2.2; HUAWEI G730-U10 Build/HuaweiG730-U10),No
303,46.224.77.32,22/Jan/2019:03:57:12,GET,/image/31356?name=5000.jpg&wh=200x200,200,5362,Dalvik/1.6.0 (Linux; U; Android 4.2.2; HUAWEI G730-U10 Build/HuaweiG730-U10),No
304,207.46.13.104,22/Jan/2019:03:57:12,GET,"/filter/b183,b95",200,36935,Mozilla/5.0 (compatible; bingbot/2.0; +http://www.bing.com/bingbot.htm),No
305,66.249.66.194,22/Jan/2019:03:57:12,GET,/m/filter/b2%2Cp1,200,21244,"Mozilla/5.0 (Linux; Android 6.0.1; Nexus 5X Build/MMB29P) AppleWebKit/537.36 (KHTML, like Gecko) Chrome/41.0.2272.96 Mobile Safari/537.36 (compatible; Googlebot/2.1; +http://www.google.com/bot.html)",No
306,46.224.77.32,22/Jan/2019:03:57:12,GET,/image/20123?name=janome-8200-w.jpg&wh=200x200,200,4407,Dalvik/1.6.0 (Linux; U; Android 4.2.2; HUAWEI G730-U10 Build/HuaweiG730-U10),No
307,204.18.198.248,22/Jan/2019:03:57:12,GET,/image/2498/productModel/150x150,200,3307,"Mozilla/5.0 (iPhone; CPU iPhone OS 12_1 like Mac OS X) AppleWebKit/605.1.15 (KHTML, like Gecko) Version/12.0 Mobile/15E148 Safari/604.1",Yes
308,204.18.198.248,22/Jan/2019:03:57:13,GET,/image/63530/productModel/150x150,200,4079,"Mozilla/5.0 (iPhone; CPU iPhone OS 12_1 like Mac OS X) AppleWebKit/605.1.15 (KHTML, like Gecko) Version/12.0 Mobile/15E148 Safari/604.1",Yes
309,66.249.66.194,22/Jan/2019:03:57:13,GET,"/m/filter/b103,b105,b118,b135,b148,b151,b168,b180,b185,b2,b226,b261,b32,b321,b35,b42,b43,b441,b454,b481,b484,b5,b523,b542,b568,b570,b573,b597,b598,b6,b613,b615,b619,b63,b647,b648,b656,b703,b723,b734,b8,b861,b874,b877,b95,b99",200,26788,"Mozilla/5.0 (Linux; Android 6.0.1; Nexus 5X Build/MMB29P) AppleWebKit/537.36 (KHTML, like Gecko) Chrome/41.0.2272.96 Mobile Safari/537.36 (compatible; Googlebot/2.1; +http://www.google.com/bot.html)",No
310,51.15.15.54,22/Jan/2019:03:57:13,GET,/blog/tag/%D8%AE%D9%88%D8%A7%D8%A8/,200,21287,Barkrowler/0.9 (+http://www.exensa.com/crawl),No
311,204.18.198.248,22/Jan/2019:03:57:14,GET,/image/14/productType/120x90,200,14440,"Mozilla/5.0 (iPhone; CPU iPhone OS 12_1 like Mac OS X) AppleWebKit/605.1.15 (KHTML, like Gecko) Version/12.0 Mobile/15E148 Safari/604.1",Yes
312,66.249.66.194,22/Jan/2019:03:57:14,GET,/product/25958/59518/%D8%A7%D8%AA%D9%88-%D8%A8%D8%AE%D8%A7%D8%B1-%D9%BE%D8%A7%D8%B1%D8%B3-%D8%AE%D8%B2%D8%B1-%D9%85%D8%AF%D9%84-SI-602,302,0,"Mozilla/5.0 (Linux; Android 6.0.1; Nexus 5X Build/MMB29P) AppleWebKit/537.36 (KHTML, like Gecko) Chrome/41.0.2272.96 Mobile Safari/537.36 (compatible; Googlebot/2.1; +http://www.google.com/bot.html)",No
313,66.249.66.194,22/Jan/2019:03:57:14,GET,/m/browse/stove-and-oven/%D8%A7%D8%AC%D8%A7%D9%82-%DA%AF%D8%A7%D8%B2-%D9%85%D8%A8%D9%84%D9%87,200,19242,"Mozilla/5.0 (Linux; Android 6.0.1; Nexus 5X Build/MMB29P) AppleWebKit/537.36 (KHTML, like Gecko) Chrome/41.0.2272.96 Mobile Safari/537.36 (compatible; Googlebot/2.1; +http://www.google.com/bot.html)",No
314,54.36.149.58,22/Jan/2019:03:57:14,GET,/filter/p10280%2Cv1%7C%D8%B7%D9%88%D8%B3%DB%8C%20%D9%86%D9%82%D8%B1%D9%87%20%D8%A7%DB%8C%2Cv1%7C%D8%B3%D9%81%DB%8C%D8%AF.?o=v1,302,0,Mozilla/5.0 (compatible; AhrefsBot/6.1; +http://ahrefs.com/robot/),No
315,66.249.66.194,22/Jan/2019:03:57:15,GET,/m/product/25958/59518/%D8%A7%D8%AA%D9%88-%D8%A8%D8%AE%D8%A7%D8%B1-%D9%BE%D8%A7%D8%B1%D8%B3-%D8%AE%D8%B2%D8%B1-%D9%85%D8%AF%D9%84-SI-602,200,21178,"Mozilla/5.0 (Linux; Android 6.0.1; Nexus 5X Build/MMB29P) AppleWebKit/537.36 (KHTML, like Gecko) Chrome/41.0.2272.96 Mobile Safari/537.36 (compatible; Googlebot/2.1; +http://www.google.com/bot.html)",No
316,5.211.97.39,22/Jan/2019:03:57:15,GET,/m/filter/p25%2Cb103%2Cb50,200,19244,"Mozilla/5.0 (iPhone; CPU iPhone OS 10_3_2 like Mac OS X) AppleWebKit/603.2.4 (KHTML, like Gecko) Version/10.0 Mobile/14F89 Safari/602.1",Yes
317,5.211.97.39,22/Jan/2019:03:57:16,GET,/settings/logo,200,4120,"Mozilla/5.0 (iPhone; CPU iPhone OS 10_3_2 like Mac OS X) AppleWebKit/603.2.4 (KHTML, like Gecko) Version/10.0 Mobile/14F89 Safari/602.1",Yes
318,5.211.97.39,22/Jan/2019:03:57:16,GET,/image/64291/productModel/200x200,200,5735,"Mozilla/5.0 (iPhone; CPU iPhone OS 10_3_2 like Mac OS X) AppleWebKit/603.2.4 (KHTML, like Gecko) Version/10.0 Mobile/14F89 Safari/602.1",Yes
